Round,ClientID,ClientAccuracy,ClientTrainingTime,K,timestamp
0,client5,0.2417094017094017,2666.029213927686,5,05-03-26-182241
0,client17,0.2470767666497204,2328.0929289758205,5,05-03-26-182241
0,client13,0.2248747913188648,3163.397478172556,5,05-03-26-182241
0,client1,0.2308347529812606,2660.997749073431,5,05-03-26-182241
0,client9,0.2231532147742818,2323.743926128373,5,05-03-26-182241
1,client5,0.3447863247863247,2400.2030310221016,5,05-03-26-182241
1,client17,0.2419928825622775,2201.947779161856,5,05-03-26-182241
1,client13,0.3265442404006677,3040.6901810783893,5,05-03-26-182241
1,client1,0.3315161839863714,2311.302062124014,5,05-03-26-182241
1,client9,0.3050615595075239,2463.887098012492,5,05-03-26-182241
2,client5,0.3947008547008547,2498.7729389686137,5,05-03-26-182241
2,client17,0.4150144043382477,2162.662639981136,5,05-03-26-182241
2,client13,0.4111853088480801,2939.5833099260926,5,05-03-26-182241
2,client1,0.4201022146507666,2287.133623147384,5,05-03-26-182241
2,client9,0.4307455540355677,2285.6096841860563,5,05-03-26-182241
3,client5,0.5273504273504274,2695.825044065714,5,05-03-26-182241
3,client17,0.4555160142348754,2473.602622980252,5,05-03-26-182241
3,client13,0.4662771285475793,2867.526302114129,5,05-03-26-182241
3,client1,0.472572402044293,2268.402436049655,5,05-03-26-182241
3,client9,0.4849521203830369,2506.714406888932,5,05-03-26-182241
4,client5,0.5405128205128205,2498.743588104844,5,05-03-26-182241
4,client17,0.5339772919844095,2226.651613134891,5,05-03-26-182241
4,client13,0.5969949916527546,2897.8884869720787,5,05-03-26-182241
4,client1,0.5386712095400341,2309.3306340742856,5,05-03-26-182241
4,client9,0.603454172366621,2304.6832520049065,5,05-03-26-182241
5,client5,0.5545299145299145,2419.071905082092,5,05-03-26-182241
5,client17,0.5339772919844095,2531.644240953028,5,05-03-26-182241
5,client13,0.6131886477462437,2924.1831339895725,5,05-03-26-182241
5,client1,0.6052810902896082,2270.059610949829,5,05-03-26-182241
5,client9,0.5870383036935705,2217.6964599639177,5,05-03-26-182241
6,client5,0.6011965811965811,2475.333004957065,5,05-03-26-182241
6,client17,0.5988815455007626,2346.2752669584006,5,05-03-26-182241
6,client13,0.5819699499165275,3007.31638004072,5,05-03-26-182241
6,client1,0.6405451448040886,2241.410934133455,5,05-03-26-182241
6,client9,0.6292749658002736,2446.879002032801,5,05-03-26-182241
7,client5,0.5594871794871795,2509.4086369499564,5,05-03-26-182241
7,client17,0.5029655990510083,2283.173040021211,5,05-03-26-182241
7,client13,0.5734557595993323,2899.9013281427324,5,05-03-26-182241
7,client1,0.6448040885860307,2862.28175717406,5,05-03-26-182241
7,client9,0.6374829001367989,2290.3958330862224,5,05-03-26-182241
8,client5,0.5232478632478632,2453.003937145695,5,05-03-26-182241
8,client17,0.2389425521098118,2243.2228489778936,5,05-03-26-182241
8,client13,0.5984974958263773,2911.018617916852,5,05-03-26-182241
8,client1,0.5081771720613288,2276.3376948423684,5,05-03-26-182241
8,client9,0.6489398084815321,2548.163191182539,5,05-03-26-182241
9,client5,0.1514529914529914,2488.247610162944,5,05-03-26-182241
9,client17,0.1892899508557871,2358.7942000012845,5,05-03-26-182241
9,client13,0.4318864774624374,2922.251016134396,5,05-03-26-182241
9,client1,0.2391822827938671,2277.879000874236,5,05-03-26-182241
9,client9,0.448016415868673,2270.263534039259,5,05-03-26-182241
10,client5,0.1979487179487179,2266.723087988794,5,05-03-26-182241
10,client17,0.2355532960515167,2340.2729369699955,5,05-03-26-182241
10,client13,0.1956594323873121,2949.83991002664,5,05-03-26-182241
10,client1,0.1896081771720613,2294.7168389800936,5,05-03-26-182241
10,client9,0.1774965800273597,2672.331217909232,5,05-03-26-182241
11,client5,0.3005128205128205,2557.8803869429976,5,05-03-26-182241
11,client17,0.3175732926622606,2382.079161936417,5,05-03-26-182241
11,client13,0.3813021702838063,2928.693447029218,5,05-03-26-182241
11,client1,0.3863713798977853,2604.660537093878,5,05-03-26-182241
11,client9,0.3968878248974008,2503.6206368822604,5,05-03-26-182241
12,client5,0.4823931623931624,2307.497771922499,5,05-03-26-182241
12,client17,0.4877139467886799,2192.5853160209954,5,05-03-26-182241
12,client13,0.6081803005008347,2903.5464038606733,5,05-03-26-182241
12,client1,0.57206132879046,2265.1757549028844,5,05-03-26-182241
12,client9,0.5938782489740082,2648.208681959659,5,05-03-26-182241
13,client5,0.6798290598290598,2459.1029449366038,5,05-03-26-182241
13,client17,0.638196915776987,2200.912013184279,5,05-03-26-182241
13,client13,0.6671118530884808,2865.2574880979955,5,05-03-26-182241
13,client1,0.6805792163543442,2298.5623020213097,5,05-03-26-182241
13,client9,0.6826265389876881,2513.15227500163,5,05-03-26-182241
14,client5,0.6994871794871795,2382.955027045682,5,05-03-26-182241
14,client17,0.6866632774106084,2261.3015070091933,5,05-03-26-182241
14,client13,0.6898163606010017,2865.5015260446817,5,05-03-26-182241
14,client1,0.7013628620102215,2340.4299549292773,5,05-03-26-182241
14,client9,0.6959644322845417,2401.067536091432,5,05-03-26-182241
15,client5,0.6958974358974359,2370.130091905594,5,05-03-26-182241
15,client17,0.7244534824605999,2261.8706850335,5,05-03-26-182241
15,client13,0.7222036727879799,2896.782206138596,5,05-03-26-182241
15,client1,0.6819420783645656,2256.3094350043684,5,05-03-26-182241
15,client9,0.6910054719562243,2167.8460261318837,5,05-03-26-182241
16,client5,0.717948717948718,2507.864644983784,5,05-03-26-182241
16,client17,0.7322487713946789,2209.1251919046044,5,05-03-26-182241
16,client13,0.7143572621035058,2969.332816079259,5,05-03-26-182241
16,client1,0.7284497444633731,2224.1491659078747,5,05-03-26-182241
16,client9,0.7087893296853626,2386.9292840827256,5,05-03-26-182241
17,client5,0.7429059829059829,2398.5621260944754,5,05-03-26-182241
17,client17,0.709540755804101,2465.915886918083,5,05-03-26-182241
17,client13,0.7230383973288814,2870.1833880040795,5,05-03-26-182241
17,client1,0.74190800681431,2254.561298992485,5,05-03-26-182241
17,client9,0.7436730506155951,2251.945393159985,5,05-03-26-182241
18,client5,0.7389743589743589,2320.6440089270477,5,05-03-26-182241
18,client17,0.6983562108117268,2363.998427055776,5,05-03-26-182241
18,client13,0.7549248747913189,2824.276922969148,5,05-03-26-182241
18,client1,0.7287904599659284,2271.526128053665,5,05-03-26-182241
18,client9,0.7701778385772914,2770.076818065718,5,05-03-26-182241
19,client5,0.7384615384615385,2449.355779215693,5,05-03-26-182241
19,client17,0.6970005083884088,2297.955459915101,5,05-03-26-182241
19,client13,0.767779632721202,3157.325930194929,5,05-03-26-182241
19,client1,0.7626916524701874,2326.497782021761,5,05-03-26-182241
19,client9,0.759404924760602,2291.6219839826226,5,05-03-26-182241
20,client5,0.7726495726495727,2482.781974831596,5,05-03-26-182241
20,client17,0.7495339772919845,2273.334121098742,5,05-03-26-182241
20,client13,0.7332220367278798,2880.7175690308213,5,05-03-26-182241
20,client1,0.7643952299829643,2413.3572429418564,5,05-03-26-182241
20,client9,0.7364911080711354,2263.7847729492933,5,05-03-26-182241
21,client5,0.7755555555555556,2648.2709909323603,5,05-03-26-182241
21,client17,0.768852736824267,2197.139699012041,5,05-03-26-182241
21,client13,0.7632721202003339,2922.901875106618,5,05-03-26-182241
21,client1,0.7538330494037478,2295.762956142425,5,05-03-26-182241
21,client9,0.7332421340629275,2281.6578620113432,5,05-03-26-182241
22,client5,0.7552136752136752,2446.1276850197464,5,05-03-26-182241
22,client17,0.7230977800372819,2221.0494510363787,5,05-03-26-182241
22,client13,0.7621035058430717,2997.1121691633016,5,05-03-26-182241
22,client1,0.7553662691652471,2720.549755031243,5,05-03-26-182241
22,client9,0.7508549931600548,2564.489046810195,5,05-03-26-182241
23,client5,0.7786324786324786,2522.073514992371,5,05-03-26-182241
23,client17,0.7751228605321132,2195.917857112363,5,05-03-26-182241
23,client13,0.7751252086811352,2935.980711132288,5,05-03-26-182241
23,client1,0.7804088586030664,2285.3604019619524,5,05-03-26-182241
23,client9,0.7616279069767442,2522.8282681200653,5,05-03-26-182241
24,client5,0.7413675213675214,2448.891964973882,5,05-03-26-182241
24,client17,0.7729198440942213,2383.2394229248166,5,05-03-26-182241
24,client13,0.7898163606010017,2910.362445982173,5,05-03-26-182241
24,client1,0.7400340715502556,2488.355878042057,5,05-03-26-182241
24,client9,0.771374829001368,2346.835436997935,5,05-03-26-182241
0,client5,0.1705037611123774,1892.1496800612656,5,05-03-26-193309
0,client17,0.1749609462173622,2048.328472999856,5,05-03-26-193309
0,client13,0.1891645800136581,2258.4120049141347,5,05-03-26-193309
0,client1,0.1944696282864914,2051.060577156022,5,05-03-26-193309
0,client9,0.1329029385574354,1847.8789229411632,5,05-03-26-193309
1,client5,0.2511967175746524,1940.0266730226576,5,05-03-26-193309
1,client17,0.1986163802722606,1789.692796068266,5,05-03-26-193309
1,client13,0.2292283177782836,2172.6432689465582,5,05-03-26-193309
1,client1,0.2583862194016319,1845.553133869544,5,05-03-26-193309
1,client9,0.2575690115761354,2140.202279901132,5,05-03-26-193309
2,client5,0.3567358103487577,1941.6128559969368,5,05-03-26-193309
2,client17,0.2807409060477572,1755.788854090497,5,05-03-26-193309
2,client13,0.3858411108581834,2224.106504116208,5,05-03-26-193309
2,client1,0.3118766999093382,1739.504364086315,5,05-03-26-193309
2,client9,0.3165627782724844,1795.7647941075263,5,05-03-26-193309
3,client5,0.5014816503305219,1873.4104461036625,5,05-03-26-193309
3,client17,0.3608569515733095,1865.192637080327,5,05-03-26-193309
3,client13,0.4985203733211928,2110.288636991754,5,05-03-26-193309
3,client1,0.4848141432456935,1709.1912301257253,5,05-03-26-193309
3,client9,0.3893588601959038,1943.7097588088363,5,05-03-26-193309
4,client5,0.5042170047868703,1890.675463946536,5,05-03-26-193309
4,client17,0.3305065833519304,1668.8747219741344,5,05-03-26-193309
4,client13,0.5365353972228546,2138.253145152703,5,05-03-26-193309
4,client1,0.4873073436083409,1709.8462770227345,5,05-03-26-193309
4,client9,0.4939893143365984,2122.249148087576,5,05-03-26-193309
5,client5,0.5219968087531343,1877.985015977174,5,05-03-26-193309
5,client17,0.4635126087926802,1674.2024240083992,5,05-03-26-193309
5,client13,0.5583883450944684,2150.997669203207,5,05-03-26-193309
5,client1,0.5564369900271986,1739.5114721730351,5,05-03-26-193309
5,client9,0.507346393588602,1879.580011125654,5,05-03-26-193309
6,client5,0.5855937998632322,1933.514708187431,5,05-03-26-193309
6,client17,0.4367328721267574,1725.500248838216,5,05-03-26-193309
6,client13,0.510585021625313,2208.212579833344,5,05-03-26-193309
6,client1,0.5151858567543064,1749.2865968961269,5,05-03-26-193309
6,client9,0.4494657168299198,1758.539326954633,5,05-03-26-193309
7,client5,0.5618873945748804,1853.4740859176964,5,05-03-26-193309
7,client17,0.2950234322695826,1673.332555918023,5,05-03-26-193309
7,client13,0.5697700887776007,2086.719761835411,5,05-03-26-193309
7,client1,0.6065276518585675,1938.856991007924,5,05-03-26-193309
7,client9,0.5950578806767587,1803.0995179433376,5,05-03-26-193309
8,client5,0.4811944381126054,1904.4729680754244,5,05-03-26-193309
8,client17,0.2561928141039946,1652.348248986527,5,05-03-26-193309
8,client13,0.503528340541771,2278.969170991332,5,05-03-26-193309
8,client1,0.5534904805077062,1707.3566510807725,5,05-03-26-193309
8,client9,0.4703918076580587,1818.6895600520077,5,05-03-26-193309
9,client5,0.323227718258491,1953.3000071533024,5,05-03-26-193309
9,client17,0.2169158669939745,1660.912916995585,5,05-03-26-193309
9,client13,0.3578420213976781,2162.8353821579367,5,05-03-26-193309
9,client1,0.3689936536718041,1725.0155708752573,5,05-03-26-193309
9,client9,0.3719946571682992,1798.3720349147916,5,05-03-26-193309
10,client5,0.2564394802826533,1871.8295958824456,5,05-03-26-193309
10,client17,0.2950234322695826,1824.452032102272,5,05-03-26-193309
10,client13,0.3353061689050762,2060.7294209767133,5,05-03-26-193309
10,client1,0.2470534904805077,1724.726869026199,5,05-03-26-193309
10,client9,0.2577916295636687,1888.2977820467204,5,05-03-26-193309
11,client5,0.3061317529063141,1866.3507420569656,5,05-03-26-193309
11,client17,0.2950234322695826,1912.85211709328,5,05-03-26-193309
11,client13,0.2663328021852948,2113.00668399781,5,05-03-26-193309
11,client1,0.241613780598368,1700.3061301074922,5,05-03-26-193309
11,client9,0.3272484416740873,2277.5934420060366,5,05-03-26-193309
12,client5,0.4223843173011169,1893.4924430213869,5,05-03-26-193309
12,client17,0.491185003347467,1665.7038731500506,5,05-03-26-193309
12,client13,0.3086728886865468,2186.083859065548,5,05-03-26-193309
12,client1,0.4580689029918404,1943.8476969953624,5,05-03-26-193309
12,client9,0.4109528049866429,1896.0335010197011,5,05-03-26-193309
13,client5,0.5235924321860042,1870.0399368535727,5,05-03-26-193309
13,client17,0.4378486944878375,1649.526057066396,5,05-03-26-193309
13,client13,0.4830412019121329,2414.847404928878,5,05-03-26-193309
13,client1,0.6087941976427924,1705.6620051153004,5,05-03-26-193309
13,client9,0.4721727515583259,1779.4812489300966,5,05-03-26-193309
14,client5,0.6293594711648051,1863.48018492572,5,05-03-26-193309
14,client17,0.5324704307074314,1732.6674470677972,5,05-03-26-193309
14,client13,0.6237195538356476,2208.0255378969014,5,05-03-26-193309
14,client1,0.6616047144152312,1840.3357069473716,5,05-03-26-193309
14,client9,0.5066785396260017,1845.9821760188788,5,05-03-26-193309
15,client5,0.673808981080465,1800.4907760769129,5,05-03-26-193309
15,client17,0.4291452800714126,1679.6537381596863,5,05-03-26-193309
15,client13,0.6253129979512861,2185.091422870755,5,05-03-26-193309
15,client1,0.656844968268359,1741.4717881474644,5,05-03-26-193309
15,client9,0.641139804096171,1914.9319909047333,5,05-03-26-193309
16,client5,0.7000227946204696,2008.2752369344237,5,05-03-26-193309
16,client17,0.4639589377371123,1924.9508860521016,5,05-03-26-193309
16,client13,0.680628272251309,2258.970424998552,5,05-03-26-193309
16,client1,0.7026291931097008,1734.133595135063,5,05-03-26-193309
16,client9,0.7068121104185218,1943.735636072233,5,05-03-26-193309
17,client5,0.7155231365397766,1938.376517035067,5,05-03-26-193309
17,client17,0.6299933050658335,1695.1318390201775,5,05-03-26-193309
17,client13,0.7336671978147052,2151.5405140817165,5,05-03-26-193309
17,client1,0.7184950135992747,1735.2011720649898,5,05-03-26-193309
17,client9,0.6985752448797863,1941.3818011526016,5,05-03-26-193309
18,client5,0.755185776156827,1898.6840941943228,5,05-03-26-193309
18,client17,0.5563490292345459,1699.9793089926245,5,05-03-26-193309
18,client13,0.7332119280673799,2165.8137240447104,5,05-03-26-193309
18,client1,0.735947416137806,1710.891149006784,5,05-03-26-193309
18,client9,0.7041406945681211,1715.0891779456288,5,05-03-26-193309
19,client5,0.7645315705493504,1962.3989490792155,5,05-03-26-193309
19,client17,0.5454139700959607,1678.034130949527,5,05-03-26-193309
19,client13,0.7534714318233553,2181.7605590913445,5,05-03-26-193309
19,client1,0.7332275611967362,1702.070722123608,5,05-03-26-193309
19,client9,0.6885574354407836,1782.9704789910463,5,05-03-26-193309
20,client5,0.7152951903350809,1901.6291219741104,5,05-03-26-193309
20,client17,0.6496317786208435,1680.9938719961792,5,05-03-26-193309
20,client13,0.738902799908946,2140.334875090048,5,05-03-26-193309
20,client1,0.7157751586582048,1716.6164619848132,5,05-03-26-193309
20,client9,0.7139358860195903,1711.2989958841354,5,05-03-26-193309
21,client5,0.7656713015728288,1904.4687720015645,5,05-03-26-193309
21,client17,0.7554117384512385,1724.0675771608949,5,05-03-26-193309
21,client13,0.7398133394035966,2155.358667019754,5,05-03-26-193309
21,client1,0.7318676337262012,1960.85643209517,5,05-03-26-193309
21,client9,0.7459928762243989,1918.7610098160803,5,05-03-26-193309
22,client5,0.7565534533850011,1914.0991121530533,5,05-03-26-193309
22,client17,0.7560812318678867,1695.9816340822726,5,05-03-26-193309
22,client13,0.7459594809924881,2134.4387498684227,5,05-03-26-193309
22,client1,0.7191749773345422,1803.09290997684,5,05-03-26-193309
22,client9,0.7281834372217275,1916.91233497113,5,05-03-26-193309
23,client5,0.7772965580123091,1931.354661937803,5,05-03-26-193309
23,client17,0.7911180540058023,1669.287855969742,5,05-03-26-193309
23,client13,0.7691782381060779,2165.9339929465204,5,05-03-26-193309
23,client1,0.7694922937443336,1744.466454023495,5,05-03-26-193309
23,client9,0.7473285841495992,1996.4278240222484,5,05-03-26-193309
24,client5,0.7385457032140414,1860.1873328443617,5,05-03-26-193309
24,client17,0.7953581789779067,1648.2217889279127,5,05-03-26-193309
24,client13,0.7272934213521511,2153.274085139856,5,05-03-26-193309
24,client1,0.7642792384406165,1696.1616028565911,5,05-03-26-193309
24,client9,0.7157168299198575,1764.8605129215866,5,05-03-26-193309
0,client6,0.1901610412530333,2050.48262886703,10,03-03-26-205051
0,client5,0.1874447391688771,2285.832826048136,10,03-03-26-205051
0,client18,0.173658096526838,1855.4567319806663,10,03-03-26-205051
0,client17,0.1972758229284903,2022.0182549674064,10,03-03-26-205051
0,client14,0.2057405281285878,2173.3810019213706,10,03-03-26-205051
0,client13,0.1910755148741418,2307.3429770302027,10,03-03-26-205051
0,client2,0.2092541436464088,1937.764975009486,10,03-03-26-205051
0,client1,0.1985461154020899,1839.1110468655825,10,03-03-26-205051
0,client10,0.1444984533804684,1877.82518286258,10,03-03-26-205051
0,client9,0.1961451247165533,1793.2061559986323,10,03-03-26-205051
1,client5,0.2106542882404951,1860.982744023204,10,03-03-26-205051
1,client6,0.2397970439002867,2098.5172220971435,10,03-03-26-205051
1,client18,0.2171853856562922,1703.9963589049876,10,03-03-26-205051
1,client17,0.1925085130533484,1962.4204928986728,10,03-03-26-205051
1,client13,0.2155606407322654,2179.120193002745,10,03-03-26-205051
1,client14,0.1352468427095292,2065.92497904785,10,03-03-26-205051
1,client1,0.2067242162653339,2033.7385828606784,10,03-03-26-205051
1,client2,0.2325046040515653,1948.6824912019076,10,03-03-26-205051
1,client10,0.2196199734865223,1970.4840688500556,10,03-03-26-205051
1,client9,0.1768707482993197,1684.6473589539528,10,03-03-26-205051
2,client5,0.2541998231653404,1909.6341670956465,10,03-03-26-205051
2,client6,0.2638429296271785,2021.779540926218,10,03-03-26-205051
2,client18,0.1959855660802886,1822.4031971767545,10,03-03-26-205051
2,client17,0.2494892167990919,1681.3758849166334,10,03-03-26-205051
2,client14,0.2376578645235361,2008.501558098942,10,03-03-26-205051
2,client13,0.265903890160183,2219.017035095021,10,03-03-26-205051
2,client2,0.242403314917127,1676.7571340315044,10,03-03-26-205051
2,client1,0.2800999545661063,1747.063915943727,10,03-03-26-205051
2,client9,0.2408163265306122,1705.0420639570802,10,03-03-26-205051
2,client10,0.2384003535130358,1754.1820018086582,10,03-03-26-205051
3,client5,0.2066755083996463,1939.0281070955095,10,03-03-26-205051
3,client6,0.300463269358041,1932.677379110828,10,03-03-26-205051
3,client18,0.3382949932341001,1703.469148138538,10,03-03-26-205051
3,client17,0.2914869466515323,1952.421969966963,10,03-03-26-205051
3,client14,0.3120551090700344,2107.616923982277,10,03-03-26-205051
3,client13,0.297254004576659,2202.051545958966,10,03-03-26-205051
3,client2,0.3970994475138121,1660.7767280656844,10,03-03-26-205051
3,client1,0.4232167196728759,1716.8642489705237,10,03-03-26-205051
3,client9,0.3820861678004535,1948.03225598298,10,03-03-26-205051
4,client5,0.3693633952254642,1881.57742889598,10,03-03-26-205051
4,client6,0.3748069711008162,1856.113235000521,10,03-03-26-205051
4,client18,0.5205232295895355,1691.0065880510956,10,03-03-26-205051
4,client17,0.502383654937571,1669.206526130438,10,03-03-26-205051
4,client14,0.5226176808266361,2026.7006570938972,10,03-03-26-205051
4,client13,0.3848970251716247,2143.4021671302617,10,03-03-26-205051
4,client2,0.462707182320442,1616.050258046016,10,03-03-26-205051
4,client1,0.455474784189005,1693.5318568721414,10,03-03-26-205051
4,client9,0.4442176870748299,1711.7784800939262,10,03-03-26-205051
5,client6,0.5382748731524377,1870.2893001027403,10,03-03-26-205051
5,client5,0.497789566755084,1806.672696955502,10,03-03-26-205051
5,client18,0.5782589084348219,1729.6814529690892,10,03-03-26-205051
5,client17,0.4937570942111237,1893.8185339793563,10,03-03-26-205051
5,client14,0.5380022962112514,2047.0086950808764,10,03-03-26-205051
5,client13,0.4,2102.095796028152,10,03-03-26-205051
5,client2,0.5561694290976059,1649.4610169902444,10,03-03-26-205051
5,client1,0.481599273057701,1870.985586894676,10,03-03-26-205051
5,client9,0.5197278911564626,1717.3595670610666,10,03-03-26-205051
6,client5,0.535366931918656,1914.100654888898,10,03-03-26-205051
6,client6,0.5614383410544893,2059.4208710826933,10,03-03-26-205051
6,client18,0.5852503382949933,1670.3974280972034,10,03-03-26-205051
6,client17,0.6147559591373439,1681.3561709132046,10,03-03-26-205051
6,client14,0.6211251435132032,2025.642416905612,10,03-03-26-205051
6,client13,0.3702517162471396,2131.6801360808317,10,03-03-26-205051
6,client1,0.5374829622898682,1738.8604518491777,10,03-03-26-205051
6,client2,0.6358195211786372,1772.2249359358102,10,03-03-26-205051
7,client5,0.5395667550839964,2019.5125420577824,10,03-03-26-205051
7,client6,0.6309287447606442,1892.440406838432,10,03-03-26-205051
7,client18,0.5559314388813712,1911.7160951718688,10,03-03-26-205051
7,client17,0.6061293984108967,1800.6124950479716,10,03-03-26-205051
7,client14,0.5554535017221585,1993.7862660735848,10,03-03-26-205051
7,client13,0.3180778032036613,2067.149785812944,10,03-03-26-205051
7,client1,0.5956383462062699,1717.5273490138352,10,03-03-26-205051
7,client2,0.6005985267034991,1687.021543039009,10,03-03-26-205051
8,client5,0.5687444739168878,1912.250413093716,10,03-03-26-205051
8,client6,0.5764394440767704,1952.1053861826656,10,03-03-26-205051
8,client18,0.5602165087956699,1664.559334050864,10,03-03-26-205051
8,client17,0.6431328036322361,1846.925811842084,10,03-03-26-205051
8,client14,0.6156142365097589,2035.970201017335,10,03-03-26-205051
8,client13,0.2922196796338673,2339.6780260372907,10,03-03-26-205051
8,client2,0.6316758747697975,1692.590004997328,10,03-03-26-205051
8,client1,0.5626987732848705,1772.002483950928,10,03-03-26-205051
9,client5,0.5477453580901857,1840.7020450104028,10,03-03-26-205051
9,client6,0.6121773659827928,1932.126013096422,10,03-03-26-205051
9,client17,0.5727582292849035,1734.080543043092,10,03-03-26-205051
9,client18,0.5769057284618855,1813.178061041981,10,03-03-26-205051
9,client14,0.6551090700344432,1982.9305040184408,10,03-03-26-205051
9,client13,0.1890160183066361,2106.9416461978108,10,03-03-26-205051
9,client2,0.5686003683241252,1713.7374731246382,10,03-03-26-205051
9,client1,0.5247614720581554,1790.9431071020665,10,03-03-26-205051
10,client6,0.3745863666446062,1865.785748930648,10,03-03-26-205051
10,client5,0.3545534924845269,1941.774001112208,10,03-03-26-205051
10,client18,0.5105999097880018,1876.1319450568408,10,03-03-26-205051
10,client17,0.4522133938706016,1787.8684049937874,10,03-03-26-205051
10,client14,0.4330654420206659,2192.787513835356,10,03-03-26-205051
10,client13,0.2622425629290618,2194.295453140512,10,03-03-26-205051
10,client2,0.5384438305709024,1657.395447138697,10,03-03-26-205051
10,client1,0.362335302135393,1897.9991958476603,10,03-03-26-205051
11,client5,0.3041556145004421,1986.942404182628,10,03-03-26-205051
11,client6,0.3068607985881315,1934.584688860923,10,03-03-26-205051
11,client18,0.4226432115471357,1720.1825969386846,10,03-03-26-205051
11,client17,0.4111237230419977,1774.6855928562582,10,03-03-26-205051
11,client13,0.2569794050343249,2189.4143410027027,10,03-03-26-205051
11,client14,0.3811710677382319,2049.655928974971,10,03-03-26-205051
11,client2,0.4942449355432781,1637.6124520320443,10,03-03-26-205051
11,client1,0.1601544752385279,1705.497401067987,10,03-03-26-205051
12,client5,0.2188328912466843,1895.951425889507,10,03-03-26-205051
12,client6,0.2333995146701963,1889.9305490776896,10,03-03-26-205051
12,client17,0.1377979568671963,1672.5199890788645,10,03-03-26-205051
12,client18,0.1720793865584122,1916.9328401330856,10,03-03-26-205051
12,client13,0.3299771167048055,2149.704486131668,10,03-03-26-205051
12,client14,0.1846153846153846,2157.3457159101963,10,03-03-26-205051
12,client2,0.2559852670349908,1743.8873501960188,10,03-03-26-205051
12,client1,0.2258064516129032,1689.8775310255587,10,03-03-26-205051
13,client6,0.3022281050077212,2112.065145978704,10,03-03-26-205051
13,client5,0.2670203359858532,1744.6788779925555,10,03-03-26-205051
13,client18,0.1847090663058186,1683.194224955514,10,03-03-26-205051
13,client17,0.2572077185017026,1659.4239759724587,10,03-03-26-205051
13,client14,0.3584385763490241,2058.86555602774,10,03-03-26-205051
13,client13,0.314187643020595,2180.408279178664,10,03-03-26-205051
13,client1,0.2135393003180372,1993.0351059883835,10,03-03-26-205051
13,client2,0.1984346224677716,1654.4565549120307,10,03-03-26-205051
14,client5,0.3815207780725022,1999.945368152112,10,03-03-26-205051
14,client6,0.3044341495698213,1896.2791049852967,10,03-03-26-205051
14,client18,0.3173207036535859,1732.9101520590484,10,03-03-26-205051
14,client17,0.2258796821793416,1678.046085173264,10,03-03-26-205051
14,client13,0.4704805491990846,2119.6013789158314,10,03-03-26-205051
14,client14,0.3582089552238806,2089.925675885752,10,03-03-26-205051
14,client2,0.3989410681399631,1643.7658350914717,10,03-03-26-205051
14,client1,0.2982735120399818,1733.6346269585192,10,03-03-26-205051
15,client5,0.5545977011494253,1853.5010691266507,10,03-03-26-205051
15,client6,0.4837855724685638,1839.225823059678,10,03-03-26-205051
15,client18,0.4846639603067208,1700.2071428578347,10,03-03-26-205051
15,client17,0.4635641316685585,1670.0948369689286,10,03-03-26-205051
15,client13,0.4878718535469107,2094.996480969712,10,03-03-26-205051
15,client14,0.4330654420206659,2118.783930083737,10,03-03-26-205051
15,client2,0.4486648250460405,1924.3823001161215,10,03-03-26-205051
15,client1,0.564970467969105,1912.3537689447403,10,03-03-26-205051
16,client5,0.6317418213969939,1833.056204020977,10,03-03-26-205051
16,client6,0.6309287447606442,2007.793182041496,10,03-03-26-205051
16,client18,0.6348669373026613,1764.0265331137923,10,03-03-26-205051
16,client17,0.65788876276958,2003.7689288146796,10,03-03-26-205051
16,client14,0.521239954075775,2066.359182819724,10,03-03-26-205051
16,client13,0.6032036613272311,2055.600601946935,10,03-03-26-205051
16,client2,0.6084254143646409,1876.011046813801,10,03-03-26-205051
16,client1,0.6297137664697865,1908.708191011101,10,03-03-26-205051
17,client5,0.6887709991158267,1923.0705930385736,10,03-03-26-205051
17,client6,0.6395323185528348,1886.2848121207207,10,03-03-26-205051
17,client18,0.6508795669824087,1659.6501839812845,10,03-03-26-205051
17,client17,0.6921679909194097,1670.321534154937,10,03-03-26-205051
17,client14,0.4950631458094144,2046.234000939876,10,03-03-26-205051
17,client13,0.6512585812356979,2398.171873064712,10,03-03-26-205051
17,client2,0.6563075506445673,1772.1328979823738,10,03-03-26-205051
17,client1,0.6381190368014539,1799.666723003611,10,03-03-26-205051
18,client6,0.7032870063975293,1977.1107349079105,10,03-03-26-205051
18,client5,0.6867816091954023,1938.722090795636,10,03-03-26-205051
18,client17,0.723950056753689,1686.884337803349,10,03-03-26-205051
18,client18,0.6858367162832657,2066.805929876864,10,03-03-26-205051
18,client13,0.6114416475972541,2132.6742239762098,10,03-03-26-205051
18,client14,0.6631458094144661,2014.5416459999976,10,03-03-26-205051
18,client1,0.7255792821444798,1732.626078883186,10,03-03-26-205051
18,client2,0.6869244935543278,1742.679927032441,10,03-03-26-205051
19,client5,0.7236958443854996,1901.8281858880075,10,03-03-26-205051
19,client6,0.7092433267151996,1834.131160983816,10,03-03-26-205051
19,client18,0.6914749661705006,1681.5667238552123,10,03-03-26-205051
19,client17,0.7459704880817253,1709.6376749686897,10,03-03-26-205051
19,client14,0.6925373134328359,1996.2478070519865,10,03-03-26-205051
19,client13,0.6961098398169336,2041.0650589037689,10,03-03-26-205051
19,client2,0.7044198895027625,1835.1802218239757,10,03-03-26-205051
19,client1,0.71240345297592,1739.1301859170198,10,03-03-26-205051
20,client5,0.7018125552608311,1907.7098979614675,10,03-03-26-205051
20,client6,0.7083609088903596,1866.5268989279864,10,03-03-26-205051
20,client17,0.713961407491487,1641.372146084905,10,03-03-26-205051
20,client18,0.7345511953089761,1821.9275821466,10,03-03-26-205051
20,client14,0.5830080367393801,1980.3517810069025,10,03-03-26-205051
20,client13,0.6864988558352403,2163.6022380553186,10,03-03-26-205051
20,client2,0.6910681399631676,1818.9850728958843,10,03-03-26-205051
20,client1,0.7151294865970014,1818.8377551268784,10,03-03-26-205051
21,client5,0.7186118479221928,1847.8482579812407,10,03-03-26-205051
21,client6,0.7273328921244209,1863.243767991662,10,03-03-26-205051
21,client18,0.7397383852052323,1688.5437639430163,10,03-03-26-205051
21,client17,0.7253121452894438,1710.1306919939816,10,03-03-26-205051
21,client14,0.643857634902411,2083.655563183129,10,03-03-26-205051
21,client13,0.6864988558352403,2139.7028281353414,10,03-03-26-205051
21,client2,0.710635359116022,1673.7782540731132,10,03-03-26-205051
21,client1,0.7158109950022717,1733.0849189311266,10,03-03-26-205051
22,client5,0.7203801945181255,1802.201050100848,10,03-03-26-205051
22,client6,0.7246856386499008,1872.974078869447,10,03-03-26-205051
22,client17,0.7525539160045402,1754.3324260041118,10,03-03-26-205051
22,client18,0.7381596752368065,1852.128355065361,10,03-03-26-205051
22,client14,0.687715269804822,1989.1461308579887,10,03-03-26-205051
22,client13,0.694279176201373,2142.535723047331,10,03-03-26-205051
22,client1,0.7405724670604271,1699.2847421206534,10,03-03-26-205051
22,client2,0.7092541436464088,1632.5983190909028,10,03-03-26-205051
23,client6,0.7242444297374807,1978.7345980294049,10,03-03-26-205051
23,client5,0.7371794871794872,2131.743924925104,10,03-03-26-205051
23,client17,0.7559591373439274,1699.720145901665,10,03-03-26-205051
23,client18,0.7316193053676139,1771.4165369980035,10,03-03-26-205051
23,client14,0.7526980482204363,2090.8204899169505,10,03-03-26-205051
23,client13,0.6935926773455378,2142.311487114057,10,03-03-26-205051
23,client1,0.7323943661971831,1731.4419588074088,10,03-03-26-205051
23,client2,0.6705801104972375,1667.15364693664,10,03-03-26-205051
24,client5,0.7393899204244032,1829.330323031172,10,03-03-26-205051
24,client6,0.7661592764173837,1909.3010330107063,10,03-03-26-205051
24,client18,0.7399639152007217,1705.3936389274895,10,03-03-26-205051
24,client17,0.7332576617480137,1641.8222789652646,10,03-03-26-205051
24,client13,0.7203661327231121,2205.5397250223905,10,03-03-26-205051
24,client14,0.6734787600459242,2110.884309047833,10,03-03-26-205051
24,client2,0.7377992633517495,1658.2026679534465,10,03-03-26-205051
24,client1,0.7655611085870059,1842.605662997812,10,03-03-26-205051
0,client5,0.2197173620457604,2606.480908114463,10,03-03-26-193721
0,client6,0.2202068147143583,2672.1235050354157,10,03-03-26-193721
0,client17,0.2134566862910008,2328.358785016462,10,03-03-26-193721
0,client18,0.2514929192970483,2315.9961060155183,10,03-03-26-193721
0,client14,0.1838887958465918,2884.151954902336,10,03-03-26-193721
0,client13,0.2003032345013477,3080.9498699381948,10,03-03-26-193721
0,client2,0.2717227523857358,2447.1055569592863,10,03-03-26-193721
0,client1,0.178512122218532,2497.9646319989115,10,03-03-26-193721
0,client10,0.2122924156822462,2370.3480639960617,10,03-03-26-193721
0,client9,0.2124413145539906,2579.918097006157,10,03-03-26-193721
1,client6,0.2615697575860315,2423.911473946646,10,03-03-26-193721
1,client5,0.2518506056527591,2420.077833812684,10,03-03-26-193721
1,client17,0.2963835155592935,2545.931963948533,10,03-03-26-193721
1,client18,0.3224705681624296,2225.8789220359176,10,03-03-26-193721
1,client14,0.2575782950929492,2765.9949290100485,10,03-03-26-193721
1,client13,0.2744272237196765,2891.1717229057103,10,03-03-26-193721
1,client1,0.2376286947857854,2312.875189818442,10,03-03-26-193721
1,client2,0.2837769964841788,2271.8353969976306,10,03-03-26-193721
1,client10,0.2853963362437938,2261.4159409422427,10,03-03-26-193721
1,client9,0.1884641180415828,2309.928386937827,10,03-03-26-193721
2,client6,0.3341244278691304,2466.6779909748584,10,03-03-26-193721
2,client5,0.2981157469717362,2479.0845189709216,10,03-03-26-193721
2,client17,0.3757779646761985,2234.893161803484,10,03-03-26-193721
2,client18,0.3685377921856339,2231.0313009656966,10,03-03-26-193721
2,client14,0.2175514989114051,2895.753035089001,10,03-03-26-193721
2,client13,0.2752695417789757,2820.780434878543,10,03-03-26-193721
2,client1,0.2128860843573563,2525.7687708362937,10,03-03-26-193721
2,client2,0.3730118868240415,2443.09111405164,10,03-03-26-193721
2,client10,0.3733949666153056,2257.3605799116194,10,03-03-26-193721
2,client9,0.2243460764587525,3171.078904066235,10,03-03-26-193721
3,client6,0.4731310391591795,2411.77811101079,10,03-03-26-193721
3,client5,0.45407133243607,2471.9850048422813,10,03-03-26-193721
3,client17,0.4644238856181665,2575.72963507846,10,03-03-26-193721
3,client18,0.3895239720184268,2465.8173590432853,10,03-03-26-193721
3,client14,0.3550494054597219,2782.841640058905,10,03-03-26-193721
3,client13,0.4410377358490566,2945.20249706693,10,03-03-26-193721
3,client1,0.3590169378943872,2307.5772000011057,10,03-03-26-193721
3,client2,0.486522685417713,2214.39614193514,10,03-03-26-193721
3,client10,0.4762883067967813,2547.137345187366,10,03-03-26-193721
3,client9,0.4067739771965124,2476.076547987759,10,03-03-26-193721
4,client6,0.5531446007797932,2610.748975072056,10,03-03-26-193721
4,client5,0.4941117092866756,2472.516261972487,10,03-03-26-193721
4,client17,0.5584524810765349,2201.1306299827997,10,03-03-26-193721
4,client18,0.4362736734345674,2164.45780894719,10,03-03-26-193721
4,client14,0.4431418522860492,2729.2892781551927,10,03-03-26-193721
4,client13,0.5134770889487871,3143.882435047999,10,03-03-26-193721
4,client1,0.379109930255729,2631.917638937012,10,03-03-26-193721
4,client2,0.4516993135777666,2333.8713760022074,10,03-03-26-193721
4,client10,0.4920390344119157,2514.3992439843714,10,03-03-26-193721
4,client9,0.5177733065057009,2289.720983011648,10,03-03-26-193721
5,client6,0.5590778097982709,2477.1290740463883,10,03-03-26-193721
5,client5,0.5028600269179004,2751.551089109853,10,03-03-26-193721
5,client17,0.5671993271656854,2271.38394699432,10,03-03-26-193721
5,client18,0.4910424842177103,2599.373133853078,10,03-03-26-193721
5,client14,0.5327415843242338,2728.607659228146,10,03-03-26-193721
5,client13,0.5003369272237197,2766.72034105286,10,03-03-26-193721
5,client1,0.5489870474925274,2533.1034490372986,10,03-03-26-193721
5,client2,0.5471287460237736,2387.989927083254,10,03-03-26-193721
5,client10,0.5752439650744735,2318.233750993386,10,03-03-26-193721
5,client9,0.5947350771294433,2470.227073179558,10,03-03-26-193721
6,client5,0.5620794078061911,2433.2202170044184,10,03-03-26-193721
6,client6,0.4012544499067638,2455.952127929777,10,03-03-26-193721
6,client17,0.5865433137089991,2244.6692639496177,10,03-03-26-193721
6,client18,0.4175055451288176,2145.55598795414,10,03-03-26-193721
6,client13,0.5274595687331537,2840.012848842889,10,03-03-26-193721
6,client14,0.5526712443476804,2683.6524929385632,10,03-03-26-193721
6,client2,0.5879792399129415,2260.132512077689,10,03-03-26-193721
6,client1,0.6220524742610428,2290.6599598936737,10,03-03-26-193721
6,client9,0.5954057679409792,2407.2401518933475,10,03-03-26-193721
6,client10,0.5841465502482451,2441.6239701677114,10,03-03-26-193721
7,client5,0.534656796769852,2485.9968267846853,10,03-03-26-193721
7,client6,0.365316155280556,2408.127103932202,10,03-03-26-193721
7,client17,0.5820016820857864,2414.133802056313,10,03-03-26-193721
7,client18,0.2787920150145026,2147.8990418836474,10,03-03-26-193721
7,client13,0.5286388140161725,2853.660088963806,10,03-03-26-193721
7,client14,0.6220063640931167,2724.314778111875,10,03-03-26-193721
7,client2,0.582956638205257,2592.6473210565746,10,03-03-26-193721
7,client1,0.4970109598140153,2692.76967109181,10,03-03-26-193721
7,client10,0.5069337442218799,2327.622539130971,10,03-03-26-193721
7,client9,0.6177062374245473,2677.226142026484,10,03-03-26-193721
8,client5,0.5494616419919246,2384.057478047908,10,03-03-26-193721
8,client6,0.2422444482115612,2421.5769269503653,10,03-03-26-193721
8,client17,0.5024390243902439,2241.504225879908,10,03-03-26-193721
8,client18,0.1735198771540692,2688.561866991222,10,03-03-26-193721
8,client13,0.5070754716981132,2833.3173610735685,10,03-03-26-193721
8,client14,0.4721152235806397,2822.6384080480784,10,03-03-26-193721
8,client2,0.3003515821195379,2441.3850761484355,10,03-03-26-193721
8,client1,0.597475921620724,2360.987303080037,10,03-03-26-193721
8,client9,0.4750167672702884,2526.790086179972,10,03-03-26-193721
8,client10,0.2973805855161787,2402.776238042861,10,03-03-26-193721
9,client6,0.1890150873029327,2519.690163899213,10,03-03-26-193721
9,client5,0.1919582772543741,2509.375183843076,10,03-03-26-193721
9,client18,0.1934823408974577,2145.4944249708205,10,03-03-26-193721
9,client17,0.2659377628259041,2217.583121964708,10,03-03-26-193721
9,client14,0.1887456037514654,2656.3615980558097,10,03-03-26-193721
9,client13,0.2732479784366576,3072.86916510202,10,03-03-26-193721
9,client1,0.2534041846562603,2497.8623781353235,10,03-03-26-193721
9,client2,0.2461074836765444,2266.793631017208,10,03-03-26-193721
9,client9,0.2198189134808853,2318.3001668658108,10,03-03-26-193721
9,client10,0.17753809279233,2641.9474508147687,10,03-03-26-193721
10,client5,0.1902759084791386,2444.200071040541,10,03-03-26-193721
10,client6,0.2539413459908459,2513.961542164907,10,03-03-26-193721
10,client18,0.344139225388159,2333.8609558995813,10,03-03-26-193721
10,client17,0.2531539108494533,2296.5614330023527,10,03-03-26-193721
10,client13,0.2690363881401617,2899.813697906211,10,03-03-26-193721
10,client14,0.2574108189582984,2741.863800911233,10,03-03-26-193721
10,client2,0.2708856521011217,2353.0258268583566,10,03-03-26-193721
10,client1,0.2020923281301893,2400.8810750674456,10,03-03-26-193721
10,client9,0.1773977196512407,2697.384011000395,10,03-03-26-193721
10,client10,0.3011470638589282,2766.2541561294347,10,03-03-26-193721
11,client6,0.4444821156128157,2398.549953941256,10,03-03-26-193721
11,client5,0.4337146702557201,2447.9724541306496,10,03-03-26-193721
11,client18,0.5116874253540351,2152.5866508018225,10,03-03-26-193721
11,client17,0.3243061396131202,2648.3121891506016,10,03-03-26-193721
11,client14,0.3974208675263775,2694.412596989423,10,03-03-26-193721
11,client13,0.3103099730458221,2989.563403185457,10,03-03-26-193721
11,client1,0.3163400863500498,2295.2178770210594,10,03-03-26-193721
11,client2,0.3758580277917294,2225.8802969008684,10,03-03-26-193721
11,client9,0.3831321260898725,2351.9230380188674,10,03-03-26-193721
11,client10,0.465502482451635,2553.92345180735,10,03-03-26-193721
12,client6,0.5770469571113748,2442.591271130368,10,03-03-26-193721
12,client5,0.5469380888290714,2575.4817209672183,10,03-03-26-193721
12,client18,0.6461354717624979,2137.2123470064253,10,03-03-26-193721
12,client17,0.5298570227081582,2238.889198983088,10,03-03-26-193721
12,client14,0.5514989114051247,2713.4073358029127,10,03-03-26-193721
12,client13,0.5411051212938005,2884.550893912092,10,03-03-26-193721
12,client1,0.450680836931252,2632.2515909560025,10,03-03-26-193721
12,client2,0.6169429097605893,2851.8686830066144,10,03-03-26-193721
12,client10,0.6064030131826742,2327.8789799660444,10,03-03-26-193721
12,client9,0.5918846411804158,2505.0696348771453,10,03-03-26-193721
13,client5,0.6394683714670256,2522.7286559529603,10,03-03-26-193721
13,client6,0.6038311578233599,2705.454952083528,10,03-03-26-193721
13,client17,0.6235492010092515,2540.126310195774,10,03-03-26-193721
13,client18,0.6684866063811636,2275.088062975556,10,03-03-26-193721
13,client13,0.6467318059299192,2829.2679220903665,10,03-03-26-193721
13,client14,0.631552503768213,2698.433911893517,10,03-03-26-193721
13,client2,0.6852502929850997,2621.0626519750804,10,03-03-26-193721
13,client1,0.6213882431086017,2366.6836370248348,10,03-03-26-193721
13,client9,0.6681757209926223,2438.1258920766413,10,03-03-26-193721
13,client10,0.6185584660160931,2589.416963979602,10,03-03-26-193721
14,client5,0.6737886944818304,2436.225715093314,10,03-03-26-193721
14,client6,0.6273944736395999,2395.1969349291176,10,03-03-26-193721
14,client18,0.688107831428084,2219.410030869767,10,03-03-26-193721
14,client17,0.6761984861227922,2256.01026089862,10,03-03-26-193721
14,client13,0.6752021563342318,2837.712260195985,10,03-03-26-193721
14,client14,0.638753977558198,2693.8998280093074,10,03-03-26-193721
14,client1,0.6944536698771172,2325.0608250964438,10,03-03-26-193721
14,client2,0.6907751548635527,2271.967835025862,10,03-03-26-193721
14,client9,0.6938296445338699,2286.162410164252,10,03-03-26-193721
14,client10,0.6716315699366547,2360.190231120214,10,03-03-26-193721
15,client5,0.6985195154777928,2511.191823985428,10,03-03-26-193721
15,client6,0.6689269367689439,2413.101569050923,10,03-03-26-193721
15,client18,0.6759938577034635,2269.711419939995,10,03-03-26-193721
15,client17,0.7115222876366695,2451.7100781667978,10,03-03-26-193721
15,client13,0.694743935309973,2963.0398110020906,10,03-03-26-193721
15,client14,0.6662200636409311,2707.177383126691,10,03-03-26-193721
15,client2,0.7029968190189184,2452.98550487496,10,03-03-26-193721
15,client1,0.6898040518100299,2417.1354100108147,10,03-03-26-193721
15,client9,0.7173038229376257,2477.161031914875,10,03-03-26-193721
15,client10,0.664783427495292,2332.102454034612,10,03-03-26-193721
16,client6,0.6929988133581964,2480.9531099163,10,03-03-26-193721
16,client5,0.7375504710632571,2588.14168907702,10,03-03-26-193721
16,client17,0.6526492851135408,2241.5804588235915,10,03-03-26-193721
16,client18,0.7191605528066882,2166.2029051221907,10,03-03-26-193721
16,client14,0.6856472952604253,2646.791242994368,10,03-03-26-193721
16,client13,0.7242250673854448,3078.455125913024,10,03-03-26-193721
16,client1,0.6748588508801063,2319.77119599469,10,03-03-26-193721
16,client2,0.7314582286957978,2592.4597810953856,10,03-03-26-193721
16,client10,0.6851566512583461,2308.744183043018,10,03-03-26-193721
16,client9,0.7142857142857143,2484.670273028314,10,03-03-26-193721
17,client6,0.6862180030513646,2493.4248288627714,10,03-03-26-193721
17,client5,0.724764468371467,2406.3385247718543,10,03-03-26-193721
17,client18,0.7121651595290907,2251.8723520915955,10,03-03-26-193721
17,client17,0.6967199327165685,2292.869084980339,10,03-03-26-193721
17,client14,0.6678948249874392,2748.1917520053685,10,03-03-26-193721
17,client13,0.7088948787061995,2797.0098070800304,10,03-03-26-193721
17,client2,0.6927841955466265,2357.0482679642737,10,03-03-26-193721
17,client1,0.7186981069412155,2382.6745038386434,10,03-03-26-193721
17,client9,0.7050637156270959,2330.199521034956,10,03-03-26-193721
17,client10,0.7002225646293443,3059.210611972958,10,03-03-26-193721
18,client5,0.7044078061911171,2485.694177914411,10,03-03-26-193721
18,client6,0.6921512120698423,2455.460923956707,10,03-03-26-193721
18,client18,0.7322982426207132,2207.7473839744925,10,03-03-26-193721
18,client17,0.7111858704793944,2200.4518199246377,10,03-03-26-193721
18,client13,0.7158018867924528,2749.927703058347,10,03-03-26-193721
18,client14,0.7116060961313013,2726.820127107203,10,03-03-26-193721
18,client2,0.7187343043696635,2226.5144628472626,10,03-03-26-193721
18,client1,0.7100631019594819,2299.4792179670185,10,03-03-26-193721
18,client9,0.7265258215962441,2443.2406628038734,10,03-03-26-193721
18,client10,0.7214518061975689,2878.1031649559736,10,03-03-26-193721
19,client6,0.6846923207323276,2446.430621901527,10,03-03-26-193721
19,client5,0.7424293405114402,2430.658156052232,10,03-03-26-193721
19,client17,0.662573591253154,2596.601899014786,10,03-03-26-193721
19,client18,0.7230847978160724,2263.6003410443664,10,03-03-26-193721
19,client14,0.7018924803215542,2665.391115937382,10,03-03-26-193721
19,client13,0.7323113207547169,2950.024005956948,10,03-03-26-193721
19,client1,0.5963135171039522,2376.092307968065,10,03-03-26-193721
19,client2,0.7175623639712038,2322.7447459939867,10,03-03-26-193721
19,client10,0.7238486560520458,2473.4918570611626,10,03-03-26-193721
19,client9,0.7240107310529845,2504.135536961257,10,03-03-26-193721
20,client5,0.7261103633916555,2464.151151943952,10,03-03-26-193721
20,client6,0.6684183759959316,2659.155524102971,10,03-03-26-193721
20,client18,0.7239378945572428,2184.091464849189,10,03-03-26-193721
20,client17,0.6899915895710681,2476.4961758628488,10,03-03-26-193721
20,client13,0.7368598382749326,2854.512464022264,10,03-03-26-193721
20,client14,0.7159604756322224,2906.407106900588,10,03-03-26-193721
20,client2,0.7227523857358111,2205.2789030130957,10,03-03-26-193721
20,client1,0.6062769843905679,2301.191197009757,10,03-03-26-193721
20,client10,0.716829310049649,2575.8171181660146,10,03-03-26-193721
20,client9,0.7122736418511066,2567.56127695553,10,03-03-26-193721
21,client5,0.7328398384925976,2422.359474003315,10,03-03-26-193721
21,client6,0.7231734192235972,2419.888006988913,10,03-03-26-193721
21,client18,0.7227435591196042,2172.154784901068,10,03-03-26-193721
21,client17,0.7222876366694702,2232.9421369358897,10,03-03-26-193721
21,client13,0.7506738544474394,2995.945035014301,10,03-03-26-193721
21,client14,0.6849773907218222,2654.596711974591,10,03-03-26-193721
21,client2,0.7066800602712205,2259.842374827713,10,03-03-26-193721
21,client1,0.6824975091331783,2414.354756940156,10,03-03-26-193721
21,client9,0.7337357478202549,2486.6521328222007,10,03-03-26-193721
21,client10,0.7584317753809279,2256.114972988144,10,03-03-26-193721
22,client6,0.7391083234446516,2382.725684903562,10,03-03-26-193721
22,client5,0.7432705248990579,2465.329729951918,10,03-03-26-193721
22,client17,0.7212783851976451,2258.3008639048785,10,03-03-26-193721
22,client18,0.7537962804982085,2531.988640083,10,03-03-26-193721
22,client14,0.7211522358063975,2714.60557798855,10,03-03-26-193721
22,client13,0.7425876010781671,2876.9531049765646,10,03-03-26-193721
22,client1,0.6991032879442046,2294.6806750260293,10,03-03-26-193721
22,client2,0.749707014900385,2605.9041251428425,10,03-03-26-193721
22,client10,0.7560349255264509,2498.372052796185,10,03-03-26-193721
22,client9,0.7401073105298458,2528.981452109292,10,03-03-26-193721
23,client6,0.7026614680454314,2607.163373148069,10,03-03-26-193721
23,client5,0.7394010767160162,2451.663149986416,10,03-03-26-193721
23,client18,0.74134106807712,2203.089898219332,10,03-03-26-193721
23,client17,0.7241379310344828,2222.3936908412725,10,03-03-26-193721
23,client14,0.7347178027131134,2739.2044060397893,10,03-03-26-193721
23,client13,0.7254043126684636,2937.7946159802377,10,03-03-26-193721
23,client1,0.6434739289272667,2460.2766630705446,10,03-03-26-193721
23,client2,0.7584128578603717,2439.1134751494974,10,03-03-26-193721
23,client10,0.7628830679678137,2380.932459840551,10,03-03-26-193721
23,client9,0.7473172367538564,2392.7114149555564,10,03-03-26-193721
24,client6,0.7369045600949313,2511.452403850853,10,03-03-26-193721
24,client5,0.746971736204576,2621.4663030114025,10,03-03-26-193721
24,client18,0.7807541375191946,2352.0194590091705,10,03-03-26-193721
24,client17,0.7414634146341463,2238.2682589814067,10,03-03-26-193721
24,client14,0.7089264779768883,2728.1387699767947,10,03-03-26-193721
24,client13,0.7589285714285714,2891.697091050446,10,03-03-26-193721
24,client1,0.4993357688475589,2406.267540063709,10,03-03-26-193721
24,client2,0.7187343043696635,2340.451889904216,10,03-03-26-193721
24,client10,0.7226502311248074,2628.191377036273,10,03-03-26-193721
24,client9,0.7580482897384306,2606.717696180567,10,03-03-26-193721
