Unnamed: 0,namespace,pod_name,container_name,joules,K,timestamp
0,orchestrator,orchestrator-555f7b7c9d-m4n2x,linkerd-init,0.0,5,05-03-26-182241
1,orchestrator,policy-enforcer-cb8dccbd8-bp7zm,linkerd-init,0.0,5,05-03-26-182241
2,orchestrator,policy-enforcer-cb8dccbd8-bp7zm,linkerd-proxy,8808.374511718748,5,05-03-26-182241
3,orchestrator,orchestrator-555f7b7c9d-m4n2x,linkerd-proxy,8807.762988281249,5,05-03-26-182241
4,client7,client7-544486cc98-jwmrh,linkerd-init,0.0,5,05-03-26-182241
5,client7,client7-544486cc98-jwmrh,sidecar,17847.7111328125,5,05-03-26-182241
6,client7,client7-544486cc98-jwmrh,linkerd-proxy,17875.45068359375,5,05-03-26-182241
7,client7,client7-544486cc98-jwmrh,client7,17883.542773437497,5,05-03-26-182241
8,client5,client5-7d5ff7f8b4-m5sjg,client5,16789.56064453125,5,05-03-26-182241
9,client5,client5-7d5ff7f8b4-m5sjg,sidecar,14701.5138671875,5,05-03-26-182241
10,client5,client5-7d5ff7f8b4-m5sjg,linkerd-proxy,16680.2341796875,5,05-03-26-182241
11,client5,client5-7d5ff7f8b4-m5sjg,linkerd-init,0.0,5,05-03-26-182241
12,client8,client8-5845965f99-qmkgv,linkerd-init,0.0,5,05-03-26-182241
13,client8,client8-5845965f99-qmkgv,sidecar,16853.03798828125,5,05-03-26-182241
14,client8,client8-5845965f99-qmkgv,linkerd-proxy,17306.5673828125,5,05-03-26-182241
15,client8,client8-5845965f99-qmkgv,client8,17312.9005859375,5,05-03-26-182241
16,client13,client13-7bf86f4f87-kwgnq,linkerd-init,0.0,5,05-03-26-182241
17,client13,client13-7bf86f4f87-kwgnq,client13,16249.86396484375,5,05-03-26-182241
18,client13,client13-7bf86f4f87-kwgnq,sidecar,14793.051660156249,5,05-03-26-182241
19,client13,client13-7bf86f4f87-kwgnq,linkerd-proxy,16151.690234375,5,05-03-26-182241
20,server,server-656f98b57f-dtn76,linkerd-init,0.0,5,05-03-26-182241
21,server,server-656f98b57f-dtn76,linkerd-proxy,11841.24619140625,5,05-03-26-182241
22,client4,client4-744474fb99-hrpc7,sidecar,17872.453613281246,5,05-03-26-182241
23,client4,client4-744474fb99-hrpc7,client4,17912.962499999998,5,05-03-26-182241
24,client4,client4-744474fb99-hrpc7,linkerd-init,0.0,5,05-03-26-182241
25,client4,client4-744474fb99-hrpc7,linkerd-proxy,17907.861425781248,5,05-03-26-182241
26,client16,client16-6dc7f87f54-zc4xg,sidecar,17747.179101562495,5,05-03-26-182241
27,client16,client16-6dc7f87f54-zc4xg,client16,18175.8751953125,5,05-03-26-182241
28,client16,client16-6dc7f87f54-zc4xg,linkerd-proxy,18170.57734375,5,05-03-26-182241
29,client16,client16-6dc7f87f54-zc4xg,linkerd-init,0.0,5,05-03-26-182241
30,client3,client3-58c68898cd-k9k84,linkerd-proxy,18208.836914062496,5,05-03-26-182241
31,client3,client3-58c68898cd-k9k84,sidecar,18173.02041015625,5,05-03-26-182241
32,client3,client3-58c68898cd-k9k84,linkerd-init,0.0,5,05-03-26-182241
33,client3,client3-58c68898cd-k9k84,client3,18213.73818359375,5,05-03-26-182241
34,client9,client9-d68fb99b4-fvgvk,linkerd-init,0.0,5,05-03-26-182241
35,client9,client9-d68fb99b4-fvgvk,sidecar,16329.289355468749,5,05-03-26-182241
36,client9,client9-d68fb99b4-fvgvk,linkerd-proxy,17230.205664062498,5,05-03-26-182241
37,client9,client9-d68fb99b4-fvgvk,client9,17259.45283203125,5,05-03-26-182241
38,client11,client11-565c48c7c7-bvczt,linkerd-init,0.0,5,05-03-26-182241
39,client11,client11-565c48c7c7-bvczt,client11,18205.9306640625,5,05-03-26-182241
40,client11,client11-565c48c7c7-bvczt,sidecar,16350.49287109375,5,05-03-26-182241
41,client11,client11-565c48c7c7-bvczt,linkerd-proxy,18200.71455078125,5,05-03-26-182241
42,client1,client1-7b9db886dd-hwp4n,sidecar,14394.09921875,5,05-03-26-182241
43,client1,client1-7b9db886dd-hwp4n,linkerd-proxy,16382.882421874998,5,05-03-26-182241
44,client1,client1-7b9db886dd-hwp4n,client1,16411.602832031247,5,05-03-26-182241
45,client1,client1-7b9db886dd-hwp4n,linkerd-init,0.0,5,05-03-26-182241
46,client20,client20-65f8864f77-ph442,client20,17918.778027343746,5,05-03-26-182241
47,client20,client20-65f8864f77-ph442,sidecar,17379.5384765625,5,05-03-26-182241
48,client20,client20-65f8864f77-ph442,linkerd-init,0.0,5,05-03-26-182241
49,client20,client20-65f8864f77-ph442,linkerd-proxy,17913.71630859375,5,05-03-26-182241
50,client12,client12-79bc8d5846-8vjdc,linkerd-proxy,18514.95888671875,5,05-03-26-182241
51,client12,client12-79bc8d5846-8vjdc,sidecar,16345.098144531248,5,05-03-26-182241
52,client12,client12-79bc8d5846-8vjdc,linkerd-init,0.0,5,05-03-26-182241
53,client12,client12-79bc8d5846-8vjdc,client12,18519.18505859375,5,05-03-26-182241
54,client10,client10-694b6b97b4-tr6fb,linkerd-proxy,18555.046972656248,5,05-03-26-182241
55,client10,client10-694b6b97b4-tr6fb,sidecar,16549.74658203125,5,05-03-26-182241
56,client10,client10-694b6b97b4-tr6fb,client10,18559.993652343743,5,05-03-26-182241
57,client10,client10-694b6b97b4-tr6fb,linkerd-init,0.0,5,05-03-26-182241
58,client15,client15-79c969ddf-8qcmq,client15,18529.86552734375,5,05-03-26-182241
59,client15,client15-79c969ddf-8qcmq,sidecar,18490.97626953125,5,05-03-26-182241
60,client15,client15-79c969ddf-8qcmq,linkerd-init,0.0,5,05-03-26-182241
61,client15,client15-79c969ddf-8qcmq,linkerd-proxy,18523.553515625,5,05-03-26-182241
62,client6,client6-785d875985-m4nkl,linkerd-init,0.0,5,05-03-26-182241
63,client6,client6-785d875985-m4nkl,client6,17775.10634765625,5,05-03-26-182241
64,client6,client6-785d875985-m4nkl,sidecar,16567.592773437496,5,05-03-26-182241
65,client6,client6-785d875985-m4nkl,linkerd-proxy,17767.53798828125,5,05-03-26-182241
66,client17,client17-69b85b5ccf-9b75x,sidecar,14734.324218749998,5,05-03-26-182241
67,client17,client17-69b85b5ccf-9b75x,client17,16486.76875,5,05-03-26-182241
68,client17,client17-69b85b5ccf-9b75x,linkerd-proxy,16404.533984374997,5,05-03-26-182241
69,client17,client17-69b85b5ccf-9b75x,linkerd-init,0.0,5,05-03-26-182241
70,client19,client19-56fccdb4d9-v7zw2,client19,17897.7228515625,5,05-03-26-182241
71,client19,client19-56fccdb4d9-v7zw2,linkerd-init,0.0,5,05-03-26-182241
72,client19,client19-56fccdb4d9-v7zw2,sidecar,17119.72275390625,5,05-03-26-182241
73,client19,client19-56fccdb4d9-v7zw2,linkerd-proxy,17891.528906249998,5,05-03-26-182241
74,client14,client14-856b5b5576-wv9wn,client14,18263.812209302327,5,05-03-26-182241
75,client14,client14-856b5b5576-wv9wn,sidecar,17716.103488372093,5,05-03-26-182241
76,client14,client14-856b5b5576-wv9wn,linkerd-init,0.0,5,05-03-26-182241
77,client14,client14-856b5b5576-wv9wn,linkerd-proxy,18256.97238372093,5,05-03-26-182241
78,client18,client18-69db77c748-kv75w,sidecar,18311.99137596899,5,05-03-26-182241
79,client18,client18-69db77c748-kv75w,client18,18346.2265503876,5,05-03-26-182241
80,client18,client18-69db77c748-kv75w,linkerd-proxy,18342.01812015504,5,05-03-26-182241
81,client18,client18-69db77c748-kv75w,linkerd-init,0.0,5,05-03-26-182241
82,client2,client2-86cd6d8cf7-fpt9n,client2,18611.20145348837,5,05-03-26-182241
83,client2,client2-86cd6d8cf7-fpt9n,sidecar,18567.20067829457,5,05-03-26-182241
84,client2,client2-86cd6d8cf7-fpt9n,linkerd-init,0.0,5,05-03-26-182241
85,client2,client2-86cd6d8cf7-fpt9n,linkerd-proxy,18606.981007751936,5,05-03-26-182241
86,orchestrator,orchestrator-555f7b7c9d-m4n2x,orchestrator,5946.066406249999,5,05-03-26-182241
87,api-gateway,api-gateway-6bf76d45b7-9fhwk,api-gateway,9758.3216796875,5,05-03-26-182241
88,api-gateway,api-gateway-6bf76d45b7-9fhwk,linkerd-init,0.0,5,05-03-26-182241
89,orchestrator,policy-enforcer-cb8dccbd8-bp7zm,sidecar,7792.467578125,5,05-03-26-182241
90,api-gateway,api-gateway-6bf76d45b7-9fhwk,sidecar,7548.372851562499,5,05-03-26-182241
91,orchestrator,orchestrator-555f7b7c9d-m4n2x,sidecar,7903.059472656249,5,05-03-26-182241
92,api-gateway,api-gateway-6bf76d45b7-9fhwk,linkerd-proxy,9351.51328125,5,05-03-26-182241
93,orchestrator,policy-enforcer-cb8dccbd8-bp7zm,policy-enforcer,5545.342968749999,5,05-03-26-182241
94,server,server-656f98b57f-dtn76,server,12265.07431640625,5,05-03-26-182241
95,server,server-656f98b57f-dtn76,sidecar,10485.97705078125,5,05-03-26-182241
96,client5,maurits-dijk-0932451aclient51-mb5dj,sidecar,14737.751171875,5,05-03-26-182241
97,client5,maurits-dijk-0932451aclient51-mb5dj,hfl-train-model,16607.6021484375,5,05-03-26-182241
98,client5,maurits-dijk-0932451aclient51-mb5dj,hfl-train,18820.118164062504,5,05-03-26-182241
99,client13,maurits-dijk-0932451aclient131-nsgw2,hfl-train-model,16059.150390625,5,05-03-26-182241
100,client13,maurits-dijk-0932451aclient131-nsgw2,sidecar,12871.07587890625,5,05-03-26-182241
101,client13,maurits-dijk-0932451aclient131-nsgw2,hfl-train,19042.509863281248,5,05-03-26-182241
102,server,maurits-dijk-0932451aserver1-jr972,sidecar,9492.6359375,5,05-03-26-182241
103,server,maurits-dijk-0932451aserver1-jr972,hfl-train,11734.371875,5,05-03-26-182241
104,server,maurits-dijk-0932451aserver1-jr972,hfl-train-model,20147.178515625,5,05-03-26-182241
105,client9,maurits-dijk-0932451aclient91-zrs5s,hfl-train,19220.496484375,5,05-03-26-182241
106,client9,maurits-dijk-0932451aclient91-zrs5s,hfl-train-model,17110.283496093747,5,05-03-26-182241
107,client9,maurits-dijk-0932451aclient91-zrs5s,sidecar,14964.005761718749,5,05-03-26-182241
108,client1,maurits-dijk-0932451aclient11-xlsb7,sidecar,12322.81484375,5,05-03-26-182241
109,client1,maurits-dijk-0932451aclient11-xlsb7,hfl-train,18264.25546875,5,05-03-26-182241
110,client1,maurits-dijk-0932451aclient11-xlsb7,hfl-train-model,16256.269824218749,5,05-03-26-182241
111,client17,maurits-dijk-0932451aclient171-rqhmm,hfl-train,18341.21962890625,5,05-03-26-182241
112,client17,maurits-dijk-0932451aclient171-rqhmm,sidecar,14087.299121093749,5,05-03-26-182241
113,client17,maurits-dijk-0932451aclient171-rqhmm,hfl-train-model,16329.434667968748,5,05-03-26-182241
0,orchestrator,orchestrator-555f7b7c9d-xvkq5,linkerd-proxy,8728.324751562499,5,05-03-26-193309
1,orchestrator,policy-enforcer-cb8dccbd8-fvkjt,linkerd-init,0.0,5,05-03-26-193309
2,orchestrator,orchestrator-555f7b7c9d-xvkq5,linkerd-init,0.0,5,05-03-26-193309
3,client7,client7-544486cc98-rbs25,sidecar,17814.438774999995,5,05-03-26-193309
4,client7,client7-544486cc98-rbs25,linkerd-proxy,17843.34728203125,5,05-03-26-193309
5,client7,client7-544486cc98-rbs25,linkerd-init,0.0,5,05-03-26-193309
6,client7,client7-544486cc98-rbs25,client7,17850.647746093746,5,05-03-26-193309
7,client5,client5-7d5ff7f8b4-h2dg8,linkerd-init,0.0,5,05-03-26-193309
8,client5,client5-7d5ff7f8b4-h2dg8,client5,16587.159394531252,5,05-03-26-193309
9,client5,client5-7d5ff7f8b4-h2dg8,sidecar,14547.37828359375,5,05-03-26-193309
10,client5,client5-7d5ff7f8b4-h2dg8,linkerd-proxy,16477.4981984375,5,05-03-26-193309
11,client8,client8-5845965f99-c6hfc,client8,17815.69382578125,5,05-03-26-193309
12,client8,client8-5845965f99-c6hfc,linkerd-init,0.0,5,05-03-26-193309
13,client8,client8-5845965f99-c6hfc,sidecar,17119.7333890625,5,05-03-26-193309
14,client8,client8-5845965f99-c6hfc,linkerd-proxy,17807.918559375,5,05-03-26-193309
15,client13,client13-7bf86f4f87-gf8xb,sidecar,14568.33611953125,5,05-03-26-193309
16,client13,client13-7bf86f4f87-gf8xb,linkerd-proxy,16148.7777171875,5,05-03-26-193309
17,client13,client13-7bf86f4f87-gf8xb,linkerd-init,0.0,5,05-03-26-193309
18,client13,client13-7bf86f4f87-gf8xb,client13,16247.9599953125,5,05-03-26-193309
19,server,server-656f98b57f-jsnqz,linkerd-init,0.0,5,05-03-26-193309
20,server,server-656f98b57f-jsnqz,linkerd-proxy,11954.1742140625,5,05-03-26-193309
21,client4,client4-744474fb99-mq45r,sidecar,17702.7301828125,5,05-03-26-193309
22,client4,client4-744474fb99-mq45r,client4,17741.518812500002,5,05-03-26-193309
23,client4,client4-744474fb99-mq45r,linkerd-init,0.0,5,05-03-26-193309
24,client4,client4-744474fb99-mq45r,linkerd-proxy,17736.060097656253,5,05-03-26-193309
25,client16,client16-6dc7f87f54-bkf85,client16,18721.3475421875,5,05-03-26-193309
26,client16,client16-6dc7f87f54-bkf85,linkerd-init,0.0,5,05-03-26-193309
27,client16,client16-6dc7f87f54-bkf85,sidecar,18320.339160156247,5,05-03-26-193309
28,client16,client16-6dc7f87f54-bkf85,linkerd-proxy,18715.2144265625,5,05-03-26-193309
29,client3,client3-58c68898cd-zrlrc,client3,18083.222264843756,5,05-03-26-193309
30,client3,client3-58c68898cd-zrlrc,linkerd-init,0.0,5,05-03-26-193309
31,client3,client3-58c68898cd-zrlrc,linkerd-proxy,18078.1687953125,5,05-03-26-193309
32,client3,client3-58c68898cd-zrlrc,sidecar,18041.684620312502,5,05-03-26-193309
33,client9,client9-d68fb99b4-9m5jc,sidecar,14534.54349921875,5,05-03-26-193309
34,client9,client9-d68fb99b4-9m5jc,linkerd-proxy,16570.24191484375,5,05-03-26-193309
35,client9,client9-d68fb99b4-9m5jc,client9,16598.20384140625,5,05-03-26-193309
36,client9,client9-d68fb99b4-9m5jc,linkerd-init,0.0,5,05-03-26-193309
37,client11,client11-565c48c7c7-5nnvr,client11,18317.67784765625,5,05-03-26-193309
38,client11,client11-565c48c7c7-5nnvr,linkerd-init,0.0,5,05-03-26-193309
39,client11,client11-565c48c7c7-5nnvr,sidecar,18278.00009765625,5,05-03-26-193309
40,client11,client11-565c48c7c7-5nnvr,linkerd-proxy,18312.421755468746,5,05-03-26-193309
41,client1,client1-7b9db886dd-vzrb8,sidecar,14262.01300234375,5,05-03-26-193309
42,client1,client1-7b9db886dd-vzrb8,linkerd-proxy,16542.69430625,5,05-03-26-193309
43,client1,client1-7b9db886dd-vzrb8,client1,16567.798346093747,5,05-03-26-193309
44,client1,client1-7b9db886dd-vzrb8,linkerd-init,0.0,5,05-03-26-193309
45,client20,client20-65f8864f77-c9tfp,linkerd-init,0.0,5,05-03-26-193309
46,client20,client20-65f8864f77-c9tfp,sidecar,17095.10717578125,5,05-03-26-193309
47,client20,client20-65f8864f77-c9tfp,client20,17610.990507031252,5,05-03-26-193309
48,client20,client20-65f8864f77-c9tfp,linkerd-proxy,17605.156789062497,5,05-03-26-193309
49,client12,client12-79bc8d5846-mpwdx,client12,18172.15244140625,5,05-03-26-193309
50,client12,client12-79bc8d5846-mpwdx,sidecar,16220.8508984375,5,05-03-26-193309
51,client12,client12-79bc8d5846-mpwdx,linkerd-init,0.0,5,05-03-26-193309
52,client12,client12-79bc8d5846-mpwdx,linkerd-proxy,18168.46591875,5,05-03-26-193309
53,client10,client10-694b6b97b4-q85c9,linkerd-proxy,18058.70794765625,5,05-03-26-193309
54,client10,client10-694b6b97b4-q85c9,linkerd-init,0.0,5,05-03-26-193309
55,client10,client10-694b6b97b4-q85c9,client10,18062.7815703125,5,05-03-26-193309
56,client10,client10-694b6b97b4-q85c9,sidecar,16167.107507031247,5,05-03-26-193309
57,client15,client15-79c969ddf-c8gdr,client15,17587.20200234375,5,05-03-26-193309
58,client15,client15-79c969ddf-c8gdr,linkerd-proxy,17580.400534375,5,05-03-26-193309
59,client15,client15-79c969ddf-c8gdr,linkerd-init,0.0,5,05-03-26-193309
60,client15,client15-79c969ddf-c8gdr,sidecar,17547.9990546875,5,05-03-26-193309
61,client6,client6-785d875985-bl4qq,sidecar,16279.91086640625,5,05-03-26-193309
62,client6,client6-785d875985-bl4qq,client6,17397.498808593755,5,05-03-26-193309
63,client6,client6-785d875985-bl4qq,linkerd-init,0.0,5,05-03-26-193309
64,client6,client6-785d875985-bl4qq,linkerd-proxy,17390.14995703125,5,05-03-26-193309
65,client17,client17-69b85b5ccf-pldv7,linkerd-proxy,16408.73653671875,5,05-03-26-193309
66,client17,client17-69b85b5ccf-pldv7,sidecar,14499.12384921875,5,05-03-26-193309
67,client17,client17-69b85b5ccf-pldv7,linkerd-init,0.0,5,05-03-26-193309
68,client17,client17-69b85b5ccf-pldv7,client17,16489.289627343747,5,05-03-26-193309
69,client19,client19-56fccdb4d9-4vj56,client19,17929.64638828125,5,05-03-26-193309
70,client19,client19-56fccdb4d9-4vj56,linkerd-proxy,17924.2844484375,5,05-03-26-193309
71,client19,client19-56fccdb4d9-4vj56,linkerd-init,0.0,5,05-03-26-193309
72,client19,client19-56fccdb4d9-4vj56,sidecar,17892.366843750002,5,05-03-26-193309
73,client14,client14-856b5b5576-brb5c,linkerd-init,0.0,5,05-03-26-193309
74,client14,client14-856b5b5576-brb5c,sidecar,18305.946903125,5,05-03-26-193309
75,client14,client14-856b5b5576-brb5c,client14,19037.768525781248,5,05-03-26-193309
76,client14,client14-856b5b5576-brb5c,linkerd-proxy,19030.31080234375,5,05-03-26-193309
77,client18,client18-69db77c748-hwmf6,linkerd-init,0.0,5,05-03-26-193309
78,client18,client18-69db77c748-hwmf6,client18,18113.2739265625,5,05-03-26-193309
79,client18,client18-69db77c748-hwmf6,sidecar,18079.3542890625,5,05-03-26-193309
80,client18,client18-69db77c748-hwmf6,linkerd-proxy,18108.423079687494,5,05-03-26-193309
81,client2,client2-86cd6d8cf7-crprv,sidecar,17603.133586718748,5,05-03-26-193309
82,client2,client2-86cd6d8cf7-crprv,client2,17646.05329921875,5,05-03-26-193309
83,client2,client2-86cd6d8cf7-crprv,linkerd-init,0.0,5,05-03-26-193309
84,client2,client2-86cd6d8cf7-crprv,linkerd-proxy,17641.37180859375,5,05-03-26-193309
85,api-gateway,api-gateway-6bf76d45b7-6npjp,linkerd-proxy,9275.3454390625,5,05-03-26-193309
86,orchestrator,policy-enforcer-cb8dccbd8-fvkjt,sidecar,7493.947529687501,5,05-03-26-193309
87,api-gateway,api-gateway-6bf76d45b7-6npjp,sidecar,8057.81613984375,5,05-03-26-193309
88,api-gateway,api-gateway-6bf76d45b7-6npjp,api-gateway,9681.95165,5,05-03-26-193309
89,orchestrator,policy-enforcer-cb8dccbd8-fvkjt,policy-enforcer,5949.2007859375,5,05-03-26-193309
90,orchestrator,policy-enforcer-cb8dccbd8-fvkjt,linkerd-proxy,8727.780392187498,5,05-03-26-193309
91,api-gateway,api-gateway-6bf76d45b7-6npjp,linkerd-init,0.0,5,05-03-26-193309
92,orchestrator,orchestrator-555f7b7c9d-xvkq5,sidecar,7695.13670625,5,05-03-26-193309
93,orchestrator,orchestrator-555f7b7c9d-xvkq5,orchestrator,5701.5414640625,5,05-03-26-193309
94,server,server-656f98b57f-jsnqz,server,12384.8350609375,5,05-03-26-193309
95,server,server-656f98b57f-jsnqz,sidecar,10663.773339843749,5,05-03-26-193309
96,client5,maurits-dijk-83bd5290client51-8hgp6,sidecar,13555.20469296875,5,05-03-26-193309
97,client5,maurits-dijk-83bd5290client51-8hgp6,hfl-train-model,16402.79697109375,5,05-03-26-193309
98,client5,maurits-dijk-83bd5290client51-8hgp6,hfl-train,18145.620970312502,5,05-03-26-193309
99,client13,maurits-dijk-83bd5290client131-w8xvh,hfl-train,18286.46791015625,5,05-03-26-193309
100,client13,maurits-dijk-83bd5290client131-w8xvh,sidecar,13258.36552578125,5,05-03-26-193309
101,client13,maurits-dijk-83bd5290client131-w8xvh,hfl-train-model,16066.22259375,5,05-03-26-193309
102,server,maurits-dijk-83bd5290server1-z427l,hfl-train-model,20392.225377343748,5,05-03-26-193309
103,server,maurits-dijk-83bd5290server1-z427l,hfl-train,11844.570478125,5,05-03-26-193309
104,server,maurits-dijk-83bd5290server1-z427l,sidecar,9592.389411718748,5,05-03-26-193309
105,client9,maurits-dijk-83bd5290client91-bcz7s,hfl-train,18108.41703125,5,05-03-26-193309
106,client9,maurits-dijk-83bd5290client91-bcz7s,sidecar,14208.006503906248,5,05-03-26-193309
107,client9,maurits-dijk-83bd5290client91-bcz7s,hfl-train-model,16454.108890625,5,05-03-26-193309
108,client1,maurits-dijk-83bd5290client11-g8g25,hfl-train-model,16414.966427343752,5,05-03-26-193309
109,client1,maurits-dijk-83bd5290client11-g8g25,hfl-train,17917.637215625,5,05-03-26-193309
110,client1,maurits-dijk-83bd5290client11-g8g25,sidecar,14412.216875000002,5,05-03-26-193309
111,client17,maurits-dijk-83bd5290client171-xbk6n,hfl-train,17810.210917187498,5,05-03-26-193309
112,client17,maurits-dijk-83bd5290client171-xbk6n,hfl-train-model,16343.304539843748,5,05-03-26-193309
113,client17,maurits-dijk-83bd5290client171-xbk6n,sidecar,14201.014510156248,5,05-03-26-193309
0,client16,client16-6dc7f87f54-9fp4c,linkerd-init,0.0,10,03-03-26-205051
1,client3,client3-58c68898cd-gzfth,linkerd-init,0.0,10,03-03-26-205051
2,client9,client9-d68fb99b4-xsqc2,linkerd-init,0.0,10,03-03-26-205051
3,client11,client11-565c48c7c7-xcbdz,linkerd-init,0.0,10,03-03-26-205051
4,client1,client1-7b9db886dd-82f29,linkerd-init,0.0,10,03-03-26-205051
5,client1,client1-7b9db886dd-82f29,client1,15574.68902857143,10,03-03-26-205051
6,client1,client1-7b9db886dd-82f29,linkerd-proxy,15549.015828571428,10,03-03-26-205051
7,client1,client1-7b9db886dd-82f29,sidecar,13947.1196,10,03-03-26-205051
8,client20,client20-65f8864f77-z8462,linkerd-proxy,17409.721657142854,10,03-03-26-205051
9,client20,client20-65f8864f77-z8462,client20,17416.118,10,03-03-26-205051
10,client20,client20-65f8864f77-z8462,linkerd-init,0.0,10,03-03-26-205051
11,client20,client20-65f8864f77-z8462,sidecar,16884.67034285714,10,03-03-26-205051
12,client12,client12-79bc8d5846-9sf2n,client12,17725.704628571428,10,03-03-26-205051
13,client12,client12-79bc8d5846-9sf2n,linkerd-proxy,17717.824285714283,10,03-03-26-205051
14,client12,client12-79bc8d5846-9sf2n,linkerd-init,0.0,10,03-03-26-205051
15,client12,client12-79bc8d5846-9sf2n,sidecar,16067.652628571428,10,03-03-26-205051
16,client10,client10-694b6b97b4-dsmb7,linkerd-init,0.0,10,03-03-26-205051
17,client15,client15-79c969ddf-v45zp,sidecar,17839.93931428571,10,03-03-26-205051
18,client15,client15-79c969ddf-v45zp,client15,17876.83034285714,10,03-03-26-205051
19,client15,client15-79c969ddf-v45zp,linkerd-proxy,17870.025142857146,10,03-03-26-205051
20,client15,client15-79c969ddf-v45zp,linkerd-init,0.0,10,03-03-26-205051
21,client6,client6-785d875985-4bpt2,sidecar,12809.984914285717,10,03-03-26-205051
22,client6,client6-785d875985-4bpt2,client6,14883.048114285712,10,03-03-26-205051
23,client6,client6-785d875985-4bpt2,linkerd-proxy,14777.662914285713,10,03-03-26-205051
24,client6,client6-785d875985-4bpt2,linkerd-init,0.0,10,03-03-26-205051
25,client17,client17-69b85b5ccf-s69jn,sidecar,13689.806114285717,10,03-03-26-205051
26,client17,client17-69b85b5ccf-s69jn,linkerd-init,0.0,10,03-03-26-205051
27,client17,client17-69b85b5ccf-s69jn,client17,15686.979371428572,10,03-03-26-205051
28,client17,client17-69b85b5ccf-s69jn,linkerd-proxy,15610.85017142857,10,03-03-26-205051
29,client19,client19-56fccdb4d9-xl5wk,client19,16572.57605714286,10,03-03-26-205051
30,client19,client19-56fccdb4d9-xl5wk,linkerd-proxy,16566.6128,10,03-03-26-205051
31,client19,client19-56fccdb4d9-xl5wk,linkerd-init,0.0,10,03-03-26-205051
32,client19,client19-56fccdb4d9-xl5wk,sidecar,16534.7704,10,03-03-26-205051
33,client14,client14-856b5b5576-g6vvb,sidecar,13655.792228571428,10,03-03-26-205051
34,client14,client14-856b5b5576-g6vvb,linkerd-init,0.0,10,03-03-26-205051
35,client14,client14-856b5b5576-g6vvb,linkerd-proxy,15285.763314285714,10,03-03-26-205051
36,client14,client14-856b5b5576-g6vvb,client14,15390.612457142855,10,03-03-26-205051
37,client18,client18-69db77c748-qmh7w,linkerd-init,0.0,10,03-03-26-205051
38,client18,client18-69db77c748-qmh7w,client18,15412.406057142856,10,03-03-26-205051
39,client18,client18-69db77c748-qmh7w,sidecar,13450.648914285714,10,03-03-26-205051
40,client18,client18-69db77c748-qmh7w,linkerd-proxy,15346.33777142857,10,03-03-26-205051
41,client2,client2-86cd6d8cf7-qjj8q,linkerd-proxy,15253.893657142857,10,03-03-26-205051
42,client2,client2-86cd6d8cf7-qjj8q,linkerd-init,0.0,10,03-03-26-205051
43,client2,client2-86cd6d8cf7-qjj8q,sidecar,13995.231485714286,10,03-03-26-205051
44,client2,client2-86cd6d8cf7-qjj8q,client2,15282.2108,10,03-03-26-205051
45,orchestrator,policy-enforcer-cb8dccbd8-4hx7k,linkerd-init,0.0,10,03-03-26-205051
46,api-gateway,api-gateway-6bf76d45b7-tsmpt,linkerd-proxy,9022.80177142857,10,03-03-26-205051
47,orchestrator,orchestrator-555f7b7c9d-bzb9b,linkerd-proxy,8155.437085714285,10,03-03-26-205051
48,api-gateway,api-gateway-6bf76d45b7-tsmpt,linkerd-init,0.0,10,03-03-26-205051
49,orchestrator,orchestrator-555f7b7c9d-bzb9b,linkerd-init,0.0,10,03-03-26-205051
50,orchestrator,policy-enforcer-cb8dccbd8-4hx7k,linkerd-proxy,8154.107542857142,10,03-03-26-205051
51,client7,client7-544486cc98-lmhs5,client7,17036.192799999997,10,03-03-26-205051
52,client7,client7-544486cc98-lmhs5,sidecar,15750.75502857143,10,03-03-26-205051
53,client7,client7-544486cc98-lmhs5,linkerd-proxy,17030.108399999997,10,03-03-26-205051
54,client7,client7-544486cc98-lmhs5,linkerd-init,0.0,10,03-03-26-205051
55,client5,client5-7d5ff7f8b4-kf2x8,linkerd-proxy,14968.64765714286,10,03-03-26-205051
56,client5,client5-7d5ff7f8b4-kf2x8,sidecar,13087.741257142856,10,03-03-26-205051
57,client5,client5-7d5ff7f8b4-kf2x8,client5,15081.053085714288,10,03-03-26-205051
58,client5,client5-7d5ff7f8b4-kf2x8,linkerd-init,0.0,10,03-03-26-205051
59,client8,client8-5845965f99-jzkh5,client8,15771.894457142856,10,03-03-26-205051
60,client8,client8-5845965f99-jzkh5,sidecar,15385.9212,10,03-03-26-205051
61,client8,client8-5845965f99-jzkh5,linkerd-proxy,15765.322457142856,10,03-03-26-205051
62,client8,client8-5845965f99-jzkh5,linkerd-init,0.0,10,03-03-26-205051
63,client13,client13-7bf86f4f87-87h8p,sidecar,13743.108971428572,10,03-03-26-205051
64,client13,client13-7bf86f4f87-87h8p,linkerd-init,0.0,10,03-03-26-205051
65,client13,client13-7bf86f4f87-87h8p,client13,15192.007828571428,10,03-03-26-205051
66,client13,client13-7bf86f4f87-87h8p,linkerd-proxy,15082.891428571427,10,03-03-26-205051
67,server,server-656f98b57f-slrf5,linkerd-proxy,11081.610048314284,10,03-03-26-205051
68,server,server-656f98b57f-slrf5,sidecar,9672.864080414283,10,03-03-26-205051
69,server,server-656f98b57f-slrf5,linkerd-init,0.0,10,03-03-26-205051
70,server,server-656f98b57f-slrf5,server,11750.827273385712,10,03-03-26-205051
71,client4,client4-744474fb99-qjglt,sidecar,16892.229657142856,10,03-03-26-205051
72,client4,client4-744474fb99-qjglt,client4,16932.633828571426,10,03-03-26-205051
73,client4,client4-744474fb99-qjglt,linkerd-init,0.0,10,03-03-26-205051
74,client4,client4-744474fb99-qjglt,linkerd-proxy,16926.285942857143,10,03-03-26-205051
75,client16,client16-6dc7f87f54-9fp4c,sidecar,16333.024663333332,10,03-03-26-205051
76,client16,client16-6dc7f87f54-9fp4c,client16,16802.709956666666,10,03-03-26-205051
77,client16,client16-6dc7f87f54-9fp4c,linkerd-proxy,16797.285936666663,10,03-03-26-205051
78,client3,client3-58c68898cd-gzfth,sidecar,16733.481028571427,10,03-03-26-205051
79,client3,client3-58c68898cd-gzfth,linkerd-proxy,16767.5676,10,03-03-26-205051
80,client3,client3-58c68898cd-gzfth,client3,16772.449657142854,10,03-03-26-205051
81,client9,client9-d68fb99b4-xsqc2,client9,15388.010914285713,10,03-03-26-205051
82,client9,client9-d68fb99b4-xsqc2,linkerd-proxy,15389.119371428573,10,03-03-26-205051
83,client9,client9-d68fb99b4-xsqc2,sidecar,12827.411314285711,10,03-03-26-205051
84,client11,client11-565c48c7c7-xcbdz,client11,17017.42474285714,10,03-03-26-205051
85,client11,client11-565c48c7c7-xcbdz,sidecar,16976.729828571428,10,03-03-26-205051
86,client11,client11-565c48c7c7-xcbdz,linkerd-proxy,17012.730457142854,10,03-03-26-205051
87,client10,client10-694b6b97b4-dsmb7,client10,15506.821771428573,10,03-03-26-205051
88,client10,client10-694b6b97b4-dsmb7,linkerd-proxy,15510.101714285714,10,03-03-26-205051
89,client10,client10-694b6b97b4-dsmb7,sidecar,12884.969314285714,10,03-03-26-205051
90,orchestrator,orchestrator-555f7b7c9d-bzb9b,orchestrator,5560.968971428571,10,03-03-26-205051
91,api-gateway,api-gateway-6bf76d45b7-tsmpt,api-gateway,9702.946228571427,10,03-03-26-205051
92,api-gateway,api-gateway-6bf76d45b7-tsmpt,sidecar,7064.524457142857,10,03-03-26-205051
93,orchestrator,policy-enforcer-cb8dccbd8-4hx7k,policy-enforcer,5201.532057142857,10,03-03-26-205051
94,orchestrator,orchestrator-555f7b7c9d-bzb9b,sidecar,7009.131885714285,10,03-03-26-205051
95,orchestrator,policy-enforcer-cb8dccbd8-4hx7k,sidecar,7096.554628571429,10,03-03-26-205051
96,client6,maurits-dijk-3c1ca90dclient61-qnqls,hfl-train,16455.939714285712,10,03-03-26-205051
97,client6,maurits-dijk-3c1ca90dclient61-qnqls,sidecar,12862.766857142857,10,03-03-26-205051
98,client6,maurits-dijk-3c1ca90dclient61-qnqls,hfl-train-model,14714.941199999996,10,03-03-26-205051
99,client17,maurits-dijk-3c1ca90dclient171-t7xp7,hfl-train,17060.47891428571,10,03-03-26-205051
100,client17,maurits-dijk-3c1ca90dclient171-t7xp7,hfl-train-model,15545.502685714286,10,03-03-26-205051
101,client17,maurits-dijk-3c1ca90dclient171-t7xp7,sidecar,12794.73,10,03-03-26-205051
102,client14,maurits-dijk-3c1ca90dclient141-k7k8r,hfl-train-model,15214.210285714284,10,03-03-26-205051
103,client14,maurits-dijk-3c1ca90dclient141-k7k8r,hfl-train,17305.396457142855,10,03-03-26-205051
104,client14,maurits-dijk-3c1ca90dclient141-k7k8r,sidecar,14194.33582857143,10,03-03-26-205051
105,client18,maurits-dijk-3c1ca90dclient181-xgh2h,hfl-train,16818.244685714286,10,03-03-26-205051
106,client18,maurits-dijk-3c1ca90dclient181-xgh2h,hfl-train-model,15279.279142857142,10,03-03-26-205051
107,client18,maurits-dijk-3c1ca90dclient181-xgh2h,sidecar,13968.3196,10,03-03-26-205051
108,client2,maurits-dijk-3c1ca90dclient21-xhkn2,sidecar,13074.715371428572,10,03-03-26-205051
109,client2,maurits-dijk-3c1ca90dclient21-xhkn2,hfl-train,16625.685085714285,10,03-03-26-205051
110,client2,maurits-dijk-3c1ca90dclient21-xhkn2,hfl-train-model,15133.841085714284,10,03-03-26-205051
111,client5,maurits-dijk-3c1ca90dclient51-gnjz5,sidecar,13804.174057142856,10,03-03-26-205051
112,client5,maurits-dijk-3c1ca90dclient51-gnjz5,hfl-train-model,14902.306800000002,10,03-03-26-205051
113,client5,maurits-dijk-3c1ca90dclient51-gnjz5,hfl-train,16618.016742857144,10,03-03-26-205051
114,client13,maurits-dijk-3c1ca90dclient131-7d5rp,sidecar,11472.437542857142,10,03-03-26-205051
115,client13,maurits-dijk-3c1ca90dclient131-7d5rp,hfl-train,17216.538171428572,10,03-03-26-205051
116,client13,maurits-dijk-3c1ca90dclient131-7d5rp,hfl-train-model,14999.218057142858,10,03-03-26-205051
117,server,maurits-dijk-3c1ca90dserver1-khdbq,hfl-train,10912.127599999998,10,03-03-26-205051
118,server,maurits-dijk-3c1ca90dserver1-khdbq,hfl-train-model,19784.9776345,10,03-03-26-205051
119,server,maurits-dijk-3c1ca90dserver1-khdbq,sidecar,9062.253482957143,10,03-03-26-205051
120,client9,maurits-dijk-3c1ca90dclient91-rn6t2,hfl-train,16995.770457142855,10,03-03-26-205051
121,client9,maurits-dijk-3c1ca90dclient91-rn6t2,sidecar,12012.122914285712,10,03-03-26-205051
122,client9,maurits-dijk-3c1ca90dclient91-rn6t2,hfl-train-model,15318.783828571428,10,03-03-26-205051
123,client1,maurits-dijk-3c1ca90dclient11-npm58,hfl-train-model,15422.675942857142,10,03-03-26-205051
124,client1,maurits-dijk-3c1ca90dclient11-npm58,hfl-train,16960.602685714286,10,03-03-26-205051
125,client1,maurits-dijk-3c1ca90dclient11-npm58,sidecar,12348.327657142856,10,03-03-26-205051
126,client10,maurits-dijk-3c1ca90dclient101-q2dmv,hfl-train-model,15449.230457142856,10,03-03-26-205051
127,client10,maurits-dijk-3c1ca90dclient101-q2dmv,hfl-train,17131.938057142856,10,03-03-26-205051
128,client10,maurits-dijk-3c1ca90dclient101-q2dmv,sidecar,12013.1284,10,03-03-26-205051
0,client13,client13-7bf86f4f87-hjdx5,linkerd-init,0.0,10,03-03-26-193721
1,server,server-656f98b57f-4xz8j,linkerd-init,0.0,10,03-03-26-193721
2,client4,client4-744474fb99-kblh5,linkerd-init,0.0,10,03-03-26-193721
3,client16,client16-6dc7f87f54-744w9,client16,20211.65677037037,10,03-03-26-193721
4,client16,client16-6dc7f87f54-744w9,linkerd-init,0.0,10,03-03-26-193721
5,client16,client16-6dc7f87f54-744w9,linkerd-proxy,20205.38014814815,10,03-03-26-193721
6,client16,client16-6dc7f87f54-744w9,sidecar,20023.17748148148,10,03-03-26-193721
7,client3,client3-58c68898cd-5bp45,linkerd-proxy,18917.971176296294,10,03-03-26-193721
8,client3,client3-58c68898cd-5bp45,client3,18923.790222222226,10,03-03-26-193721
9,client3,client3-58c68898cd-5bp45,sidecar,18879.074180740743,10,03-03-26-193721
10,client3,client3-58c68898cd-5bp45,linkerd-init,0.0,10,03-03-26-193721
11,client9,client9-d68fb99b4-rml72,linkerd-init,0.0,10,03-03-26-193721
12,client11,client11-565c48c7c7-2kd98,linkerd-init,0.0,10,03-03-26-193721
13,client11,client11-565c48c7c7-2kd98,sidecar,19058.760177777775,10,03-03-26-193721
14,client11,client11-565c48c7c7-2kd98,linkerd-proxy,19098.84626962963,10,03-03-26-193721
15,client11,client11-565c48c7c7-2kd98,client11,19104.06023111111,10,03-03-26-193721
16,client1,client1-7b9db886dd-zv25t,linkerd-init,0.0,10,03-03-26-193721
17,client1,client1-7b9db886dd-zv25t,sidecar,14967.93750907408,10,03-03-26-193721
18,client1,client1-7b9db886dd-zv25t,linkerd-proxy,17409.241917275966,10,03-03-26-193721
19,client1,client1-7b9db886dd-zv25t,client1,17439.17706980451,10,03-03-26-193721
20,client20,client20-65f8864f77-tkxl9,linkerd-proxy,19154.67960888889,10,03-03-26-193721
21,client20,client20-65f8864f77-tkxl9,client20,19161.24823703704,10,03-03-26-193721
22,client20,client20-65f8864f77-tkxl9,linkerd-init,0.0,10,03-03-26-193721
23,client20,client20-65f8864f77-tkxl9,sidecar,18768.35576888889,10,03-03-26-193721
24,client12,client12-79bc8d5846-z5db9,client12,19246.12261925925,10,03-03-26-193721
25,client12,client12-79bc8d5846-z5db9,linkerd-init,0.0,10,03-03-26-193721
26,client12,client12-79bc8d5846-z5db9,linkerd-proxy,19236.95604148148,10,03-03-26-193721
27,client12,client12-79bc8d5846-z5db9,sidecar,19198.745410370368,10,03-03-26-193721
28,client10,client10-694b6b97b4-6s5nb,linkerd-init,0.0,10,03-03-26-193721
29,client10,client10-694b6b97b4-6s5nb,linkerd-proxy,16993.880912592595,10,03-03-26-193721
30,client10,client10-694b6b97b4-6s5nb,sidecar,14584.886210370369,10,03-03-26-193721
31,client10,client10-694b6b97b4-6s5nb,client10,17020.66116740741,10,03-03-26-193721
32,client15,client15-79c969ddf-5f2zr,sidecar,19330.930773333333,10,03-03-26-193721
33,client15,client15-79c969ddf-5f2zr,linkerd-init,0.0,10,03-03-26-193721
34,client15,client15-79c969ddf-5f2zr,client15,19372.24509629629,10,03-03-26-193721
35,client15,client15-79c969ddf-5f2zr,linkerd-proxy,19365.02321777778,10,03-03-26-193721
36,client6,client6-785d875985-5xtvx,linkerd-init,0.0,10,03-03-26-193721
37,client6,client6-785d875985-5xtvx,client6,16779.87067259259,10,03-03-26-193721
38,client6,client6-785d875985-5xtvx,linkerd-proxy,16676.112237037036,10,03-03-26-193721
39,client6,client6-785d875985-5xtvx,sidecar,14375.557096296296,10,03-03-26-193721
40,client17,client17-69b85b5ccf-hdpvc,linkerd-init,0.0,10,03-03-26-193721
41,client17,client17-69b85b5ccf-hdpvc,client17,17339.676136296297,10,03-03-26-193721
42,client17,client17-69b85b5ccf-hdpvc,sidecar,14722.88459851852,10,03-03-26-193721
43,client17,client17-69b85b5ccf-hdpvc,linkerd-proxy,17271.425019259255,10,03-03-26-193721
44,client19,client19-56fccdb4d9-7csc9,client19,18667.28341492537,10,03-03-26-193721
45,client19,client19-56fccdb4d9-7csc9,linkerd-proxy,18660.726423880595,10,03-03-26-193721
46,client19,client19-56fccdb4d9-7csc9,sidecar,18628.5055761194,10,03-03-26-193721
47,client19,client19-56fccdb4d9-7csc9,linkerd-init,0.0,10,03-03-26-193721
48,client14,client14-856b5b5576-mtd26,linkerd-init,0.0,10,03-03-26-193721
49,client14,client14-856b5b5576-mtd26,sidecar,15381.841111521831,10,03-03-26-193721
50,client14,client14-856b5b5576-mtd26,linkerd-proxy,17790.524187798906,10,03-03-26-193721
51,client14,client14-856b5b5576-mtd26,client14,17893.886213986952,10,03-03-26-193721
52,client18,client18-69db77c748-mjzhd,linkerd-proxy,17230.841385074626,10,03-03-26-193721
53,client18,client18-69db77c748-mjzhd,client18,17303.81141492537,10,03-03-26-193721
54,client18,client18-69db77c748-mjzhd,sidecar,15564.364823880594,10,03-03-26-193721
55,client18,client18-69db77c748-mjzhd,linkerd-init,0.0,10,03-03-26-193721
56,client2,client2-86cd6d8cf7-rcb88,client2,17318.557062686563,10,03-03-26-193721
57,client2,client2-86cd6d8cf7-rcb88,linkerd-init,0.0,10,03-03-26-193721
58,client2,client2-86cd6d8cf7-rcb88,sidecar,15955.47326567164,10,03-03-26-193721
59,client2,client2-86cd6d8cf7-rcb88,linkerd-proxy,17293.293540298506,10,03-03-26-193721
60,orchestrator,policy-enforcer-cb8dccbd8-zcs9t,linkerd-proxy,9165.123701492535,10,03-03-26-193721
61,orchestrator,policy-enforcer-cb8dccbd8-zcs9t,linkerd-init,0.0,10,03-03-26-193721
62,orchestrator,orchestrator-555f7b7c9d-c7zwx,orchestrator,5819.878495522387,10,03-03-26-193721
63,orchestrator,policy-enforcer-cb8dccbd8-zcs9t,sidecar,7816.527761194029,10,03-03-26-193721
64,api-gateway,api-gateway-6bf76d45b7-z7f7w,linkerd-proxy,10193.35512835821,10,03-03-26-193721
65,orchestrator,orchestrator-555f7b7c9d-c7zwx,linkerd-init,0.0,10,03-03-26-193721
66,orchestrator,orchestrator-555f7b7c9d-c7zwx,sidecar,7983.773492537313,10,03-03-26-193721
67,api-gateway,api-gateway-6bf76d45b7-z7f7w,linkerd-init,0.0,10,03-03-26-193721
68,orchestrator,orchestrator-555f7b7c9d-c7zwx,linkerd-proxy,9169.864023880597,10,03-03-26-193721
69,orchestrator,policy-enforcer-cb8dccbd8-zcs9t,policy-enforcer,5847.228608955223,10,03-03-26-193721
70,client7,client7-544486cc98-n94qg,client7,19224.98856119403,10,03-03-26-193721
71,client7,client7-544486cc98-n94qg,sidecar,19174.640453731343,10,03-03-26-193721
72,client7,client7-544486cc98-n94qg,linkerd-init,0.0,10,03-03-26-193721
73,client7,client7-544486cc98-n94qg,linkerd-proxy,19218.25566567164,10,03-03-26-193721
74,client5,client5-7d5ff7f8b4-6c9j5,linkerd-init,0.0,10,03-03-26-193721
75,client5,client5-7d5ff7f8b4-6c9j5,sidecar,15940.348513432837,10,03-03-26-193721
76,client5,client5-7d5ff7f8b4-6c9j5,client5,17404.265002985074,10,03-03-26-193721
77,client5,client5-7d5ff7f8b4-6c9j5,linkerd-proxy,17299.77471044776,10,03-03-26-193721
78,client8,client8-5845965f99-knkgg,linkerd-init,0.0,10,03-03-26-193721
79,client8,client8-5845965f99-knkgg,sidecar,17528.98734328358,10,03-03-26-193721
80,client8,client8-5845965f99-knkgg,client8,18167.56305671641,10,03-03-26-193721
81,client8,client8-5845965f99-knkgg,linkerd-proxy,18159.29554626865,10,03-03-26-193721
82,client13,client13-7bf86f4f87-hjdx5,linkerd-proxy,16951.479845925925,10,03-03-26-193721
83,client13,client13-7bf86f4f87-hjdx5,sidecar,14713.495253333333,10,03-03-26-193721
84,client13,client13-7bf86f4f87-hjdx5,client13,17072.78874074074,10,03-03-26-193721
85,server,server-656f98b57f-4xz8j,server,13200.167016296296,10,03-03-26-193721
86,server,server-656f98b57f-4xz8j,linkerd-proxy,12460.437736296297,10,03-03-26-193721
87,server,server-656f98b57f-4xz8j,sidecar,10574.62433185185,10,03-03-26-193721
88,client4,client4-744474fb99-kblh5,client4,19196.978322962965,10,03-03-26-193721
89,client4,client4-744474fb99-kblh5,linkerd-proxy,19191.24356740741,10,03-03-26-193721
90,client4,client4-744474fb99-kblh5,sidecar,19150.75107555556,10,03-03-26-193721
91,client9,client9-d68fb99b4-rml72,client9,18269.763176296296,10,03-03-26-193721
92,client9,client9-d68fb99b4-rml72,linkerd-proxy,18239.34940444445,10,03-03-26-193721
93,client9,client9-d68fb99b4-rml72,sidecar,16090.709594074073,10,03-03-26-193721
94,api-gateway,api-gateway-6bf76d45b7-z7f7w,api-gateway,11462.548394029847,10,03-03-26-193721
95,api-gateway,api-gateway-6bf76d45b7-z7f7w,sidecar,7995.137528358209,10,03-03-26-193721
96,client1,maurits-dijk-903b2a9fclient11-s7bvf,sidecar,13709.688752285185,10,03-03-26-193721
97,client1,maurits-dijk-903b2a9fclient11-s7bvf,hfl-train-model,17281.361257640747,10,03-03-26-193721
98,client1,maurits-dijk-903b2a9fclient11-s7bvf,hfl-train,19342.603020842485,10,03-03-26-193721
99,client10,maurits-dijk-903b2a9fclient101-v688j,sidecar,14382.715757037036,10,03-03-26-193721
100,client10,maurits-dijk-903b2a9fclient101-v688j,hfl-train,19039.49681777778,10,03-03-26-193721
101,client10,maurits-dijk-903b2a9fclient101-v688j,hfl-train-model,16871.32873481482,10,03-03-26-193721
102,client6,maurits-dijk-903b2a9fclient61-rpqrw,sidecar,14119.046447407409,10,03-03-26-193721
103,client6,maurits-dijk-903b2a9fclient61-rpqrw,hfl-train-model,16606.458287407408,10,03-03-26-193721
104,client6,maurits-dijk-903b2a9fclient61-rpqrw,hfl-train,18809.745351111116,10,03-03-26-193721
105,client17,maurits-dijk-903b2a9fclient171-cssjr,hfl-train-model,17198.863051851848,10,03-03-26-193721
106,client17,maurits-dijk-903b2a9fclient171-cssjr,sidecar,15367.44402962963,10,03-03-26-193721
107,client17,maurits-dijk-903b2a9fclient171-cssjr,hfl-train,19238.11804444444,10,03-03-26-193721
108,client14,maurits-dijk-903b2a9fclient141-nw72l,sidecar,14461.418357503304,10,03-03-26-193721
109,client14,maurits-dijk-903b2a9fclient141-nw72l,hfl-train,20530.54137983016,10,03-03-26-193721
110,client14,maurits-dijk-903b2a9fclient141-nw72l,hfl-train-model,17714.105861638873,10,03-03-26-193721
111,client18,maurits-dijk-903b2a9fclient181-g7vvn,hfl-train-model,17160.71615522388,10,03-03-26-193721
112,client18,maurits-dijk-903b2a9fclient181-g7vvn,sidecar,14410.513337313432,10,03-03-26-193721
113,client18,maurits-dijk-903b2a9fclient181-g7vvn,hfl-train,19148.642985074624,10,03-03-26-193721
114,client2,maurits-dijk-903b2a9fclient21-6rwqk,sidecar,12956.81143880597,10,03-03-26-193721
115,client2,maurits-dijk-903b2a9fclient21-6rwqk,hfl-train-model,17172.40470447761,10,03-03-26-193721
116,client2,maurits-dijk-903b2a9fclient21-6rwqk,hfl-train,19254.83166567164,10,03-03-26-193721
117,client5,maurits-dijk-903b2a9fclient51-jg457,hfl-train-model,17229.876943283583,10,03-03-26-193721
118,client5,maurits-dijk-903b2a9fclient51-jg457,hfl-train,19457.58583880597,10,03-03-26-193721
119,client5,maurits-dijk-903b2a9fclient51-jg457,sidecar,14968.11536716418,10,03-03-26-193721
120,client13,maurits-dijk-903b2a9fclient131-l8zx9,hfl-train,19948.88154074074,10,03-03-26-193721
121,client13,maurits-dijk-903b2a9fclient131-l8zx9,sidecar,14319.850192592592,10,03-03-26-193721
122,client13,maurits-dijk-903b2a9fclient131-l8zx9,hfl-train-model,16870.15168,10,03-03-26-193721
123,server,maurits-dijk-903b2a9fserver1-2hxcj,hfl-train,12251.81304888889,10,03-03-26-193721
124,server,maurits-dijk-903b2a9fserver1-2hxcj,hfl-train-model,21132.55616,10,03-03-26-193721
125,server,maurits-dijk-903b2a9fserver1-2hxcj,sidecar,9295.82501925926,10,03-03-26-193721
126,client9,maurits-dijk-903b2a9fclient91-xj78t,hfl-train,20282.90320592593,10,03-03-26-193721
127,client9,maurits-dijk-903b2a9fclient91-xj78t,sidecar,16357.45550222222,10,03-03-26-193721
128,client9,maurits-dijk-903b2a9fclient91-xj78t,hfl-train-model,18118.46497185185,10,03-03-26-193721
