exp,K,Z,sigma_ed,sigma_iid,total_mean,total_std,total_min,total_max,total_cv,round_dur_mean,round_dur_std,round_dur_min,round_dur_max,agg_time_mean,agg_time_std,train_time_mean,train_time_std,train_time_min,train_time_max,acc_final_mean,acc_mean,acc_max,acc_std,n_rounds
exp1,5,15,1000.0,10,67592.41848,1231.6705004283926,64516.380000000005,70454.52000000003,0.01822202146521556,174.957226292,1.3978996798312107,170.737529252,177.73422788,508.86062612136203,40.269831107177254,16523.668896953266,398.3828824883911,15700.73068793863,17724.689251743257,0.7838813767670558,0.7225215119852489,0.8077366318377381,0.10384332828189488,24
exp1,5,30,1000.0,10,63738.30432,1663.7390770433826,59305.839,67066.35300000002,0.02610265671158323,168.03665447066666,1.1883614189187568,164.973161792,170.473882802,505.33922508358955,38.98978076383659,8198.936657222608,232.31226653313786,7697.277429513633,9065.460691228507,0.7579261421839787,0.6675911698422454,0.7737015980331899,0.1210041972432212,24
exp1,5,60,1000.0,10,61695.42336000001,1685.8873967346701,58267.032,65618.721,0.02732597176450707,164.392461205,0.8857936470489556,162.570331541,166.792018568,510.85573354115087,44.1105372096224,4125.856050600608,146.47594945180379,3898.424061946571,4585.685799829662,0.6772690022536366,0.5836309157959435,0.7311770129071912,0.13755881066110057,24
exp1,5,90,1000.0,10,60535.74715999999,1712.9985088628819,57558.126,64027.49700000005,0.02829730513336712,162.76815170012,0.9846640211018393,160.498842475,164.797783091,513.2881233717004,36.4021359187305,2743.044116732975,96.1975589795022,2614.0607558190823,3112.895928323269,0.6989602540463021,0.5523786109403811,0.7135448678549478,0.14829238314156082,24
exp1,5,120,1000.0,10,60467.30704,1601.4817957669804,57204.993,63703.362,0.026485085481110924,162.33193206466666,1.0714865058112983,159.138567164,164.806706535,521.8042760094007,48.41013908334432,2088.5252304002643,100.81935263337937,1959.3174057081344,2538.229154422879,0.6781653349723418,0.5073150993648843,0.6920328826060234,0.14682498365898078,24
exp1,5,150,1000.0,10,59961.45647999999,1631.3911200511318,56812.56900000001,63987.492,0.02720732977183899,161.30216427151998,1.2355504091586,158.730855411,163.629462522,499.4809090470274,46.03191830127722,1704.1264778748155,87.59740447846906,1565.7601403072476,2029.1951214894648,0.663119750051219,0.487179368981766,0.6829287031346035,0.1377751506920251,24
exp1,5,190,1000.0,10,60034.6222,1717.6280512162393,56575.37699999998,64328.79,0.02861062480736723,161.06434435952,1.2158716405153869,158.817824464,163.89410365,507.9981035615007,34.522623182606885,1361.6967799638708,67.49605425095265,1273.9335242658854,1644.4958969950676,0.6000563409137473,0.43267465683261624,0.6280731407498463,0.1305460767508834,24
exp1,5,230,1000.0,10,60078.11336,1600.019972056362,57090.072,63649.416,0.026632327191580134,161.28918118701333,1.256772682370102,157.748021878,164.847139366,508.51655180255574,44.03941925257056,1131.346432355543,46.67084489422878,1063.2410263642669,1266.1920124664905,0.4338762548658061,0.43153452161442324,0.6446681007990166,0.1398196378445814,24
exp1,5,260,1000.0,10,59949.471320000004,1823.026642540218,56642.358,63972.93600000001,0.030409386478309614,161.07867148888,1.2539715996095826,158.533199192,163.515935925,511.6835875188311,46.67623117144824,1000.7539596284429,47.918823343197815,897.985378280282,1190.4061557725072,0.396179061667691,0.42841682032370415,0.5892363245236631,0.13247223218353327,24
exp1,5,300,1000.0,10,59724.013999999996,1684.059656241181,57269.784,65409.38399999999,0.02819736222419982,160.95982795093332,1.149507293007173,158.384575353,163.518209668,501.2129682302475,37.301318446438216,896.9737031559149,53.58787071392401,823.6170625314116,1106.154098175466,0.4999231714812538,0.4268157139930342,0.583358942839582,0.13657309410723867,24
exp1,5,330,1000.0,10,57727.964519999994,4538.62218667191,44271.512999999984,63360.024000000005,0.07862085948136094,155.21365750860002,11.898172908308641,120.356583846,164.300446206,488.9761821304758,57.143036219872485,815.6408080955347,46.7116228347861,760.5603905394673,1024.4372049346566,0.45756504814587173,0.4111893054701905,0.6059081130915795,0.14587168297471867,24
exp1,5,360,1000.0,10,59847.4978,1496.0841328104661,56492.445,62999.87100000001,0.024998273742540097,160.69239999919998,1.0905825422168727,158.292648255,162.457191772,520.1554542283217,42.890728158730184,745.2075769503912,37.54154414368652,681.8639831617475,885.637198574841,0.5425245851259989,0.419280885064536,0.6166256914566687,0.161690507508279,24
exp1,5,400,1000.0,10,59349.64972,1572.2931165286739,56602.221000000005,64456.401,0.026492037003528146,160.53851153197334,1.2697898859312549,158.061678819,163.080632159,504.6499789878726,44.335837753000185,686.1350436136127,47.01760523392526,632.4294796213508,894.9015624821186,0.5260576726080721,0.4009362835484532,0.61240012292563,0.15313087398081085,24
exp2,5,100,1000.0,10,60824.49472,1875.8245003824127,56542.23300000002,65626.707,0.030839952045924907,162.97053161154665,1.0550028153209214,160.62142563,165.061235252,522.1758089214563,43.59610571355278,2500.967836640775,81.32492402436436,2363.864365965128,2762.2291510924697,0.7077315099364885,0.537061565253022,0.7218423478795328,0.14781116608526784,24
exp2,10,100,1000.0,10,72724.71519999999,1616.649776899208,69029.202,75590.56799999997,0.022229716162562686,169.61495645097332,1.090114126536455,167.326529166,172.468199073,1092.984406935672,99.97610468339623,2627.692170776427,180.15979072131984,2437.252934090793,3686.713951639831,0.6956310182339686,0.5246071501741447,0.7062845728334358,0.15001925828493956,24
exp3,5,30,1.7,3,60317.939880000005,1711.1487209739819,56938.935000000005,64147.226999999984,0.028368819034241554,162.14304069132,1.2511411671986963,159.701379687,165.660456842,518.452083915472,45.70156992351368,5276.3683542609215,1761.7866109766776,3778.630436398089,8625.950315967202,0.2668254456054087,0.22147049784880143,0.3196834665027658,0.05115556958084677,24
exp3,5,30,1000.0,3,60615.74296,1761.0172601461697,57404.17199999998,64508.19000000001,0.029052143455673807,162.63372339551998,1.0335474100910726,160.184072936,165.567568067,515.2351641034087,51.48973903609525,2532.136541195214,118.0495092545275,2360.2230940014124,2978.6932514980435,0.2772613194017619,0.2217634706002868,0.2964812538414259,0.049214808853681694,24
exp3,5,60,1.7,6,61020.66284,1728.2438035404527,57732.399,64744.39499999999,0.028322271884722333,163.38940377326668,1.232603248922155,158.9688357,165.758789307,514.3676139290134,42.260982046349135,4472.776250466704,1055.4788451481068,3411.3203082233667,6665.138999931514,0.4657985044048351,0.35998975619750045,0.497579901659496,0.09821283872055378,24
exp3,5,60,1000.0,6,60692.69587999999,1674.7097292664798,56955.057,64596.077999999994,0.027593266454626963,162.90901819530666,0.9182212810456007,160.239500957,164.718991376,513.9263392612338,37.314988962080925,2661.2224905441203,79.5852339260808,2526.6501987352967,2938.628383912146,0.43981766031550906,0.31694734685515263,0.478718500307314,0.0947170360231825,24
exp3,5,100,1.7,10,61090.10396,1813.3942474039573,57292.839,64764.780000000006,0.029683927999063716,163.38736737570667,1.33470148789358,159.891842312,166.305133813,516.3351333141327,33.84620983916029,3542.1786630526185,553.1080650566929,2694.225705228746,4815.690664574504,0.6506863347674656,0.5515893259577955,0.703019360786724,0.14863115663346924,24
exp3,5,100,1000.0,10,56085.19794,7167.3585420747095,36022.583999999995,64209.369,0.12779412046904706,150.6654116988,17.14209050039056,99.54312101,164.632941556,487.8383979573846,51.37923161234053,2549.8296891339123,129.30392448451323,2388.153163716197,3027.181259356439,0.6859442224953903,0.5304540565457898,0.6999846342962508,0.15382566280236723,24
