Unnamed: 0,GlobalAccuracy,AggregationTime,TotalTrainingTime,RoundDuration,exp,K,Z,sigma_ed,sigma_iid,timestamp
0,0.3689305470190535,632.6222624629736,73178.92654146999,175307432355,exp1,5,15,1000.0,10,10-05-26-111252
1,0.5142516902274125,543.2885428890586,72813.84385097772,177591224773,exp1,5,15,1000.0,10,10-05-26-111252
2,0.6464735709895513,512.3241757974029,72225.56607797742,173162891006,exp1,5,15,1000.0,10,10-05-26-111252
3,0.6663721573448064,518.0298099294305,72223.94344676286,173775302246,exp1,5,15,1000.0,10,10-05-26-111252
4,0.5416026429010449,487.0425621047616,72561.07543688267,173457168420,exp1,5,15,1000.0,10,10-05-26-111252
5,0.7237630608481869,520.3587710857391,71120.59370242059,173326191508,exp1,5,15,1000.0,10,10-05-26-111252
6,0.7477335586969883,490.2312848716974,75007.96442106366,176248414267,exp1,5,15,1000.0,10,10-05-26-111252
7,0.7579133374308543,501.0325945913792,71394.0151501447,174530253386,exp1,5,15,1000.0,10,10-05-26-111252
8,0.7284496004917025,495.313729159534,75830.72345796973,175327416919,exp1,5,15,1000.0,10,10-05-26-111252
9,0.6681007990165949,526.825743727386,72035.69221310318,172660133355,exp1,5,15,1000.0,10,10-05-26-111252
10,0.7492701290719115,510.7254777103663,71272.29531481862,176116174098,exp1,5,15,1000.0,10,10-05-26-111252
11,0.7637907191149355,457.753162831068,75410.24580970407,174343845359,exp1,5,15,1000.0,10,10-05-26-111252
12,0.780001536570375,472.8102646768093,70318.7645347789,172793200390,exp1,5,15,1000.0,10,10-05-26-111252
13,0.7758912108174555,498.03101643919945,69799.4248457253,173464655024,exp1,5,15,1000.0,10,10-05-26-111252
14,0.717040565457898,526.1352146044374,70332.74759165943,176779427975,exp1,5,15,1000.0,10,10-05-26-111252
15,0.7600645359557467,567.6118535920978,73129.82132844627,175845074787,exp1,5,15,1000.0,10,10-05-26-111252
16,0.7811155500921942,514.4177498295903,72104.95994519442,175031777497,exp1,5,15,1000.0,10,10-05-26-111252
17,0.7841502765826674,511.9023686274886,73125.21579582244,173304061642,exp1,5,15,1000.0,10,10-05-26-111252
18,0.7646742470805162,462.24547643214464,71867.0133240521,174175926839,exp1,5,15,1000.0,10,10-05-26-111252
19,0.7662108174554395,475.9929394349456,71610.89405603707,172792377574,exp1,5,15,1000.0,10,10-05-26-111252
20,0.7782344806392133,508.4386114031077,72571.46585267037,174914724837,exp1,5,15,1000.0,10,10-05-26-111252
21,0.7978257529194838,509.6052028238773,71136.87876891345,177322443650,exp1,5,15,1000.0,10,10-05-26-111252
22,0.7938690842040566,502.1311761811376,73600.63582658768,177604501354,exp1,5,15,1000.0,10,10-05-26-111252
23,0.7979025814382299,481.3821082934737,71955.13255894184,170737529252,exp1,5,15,1000.0,10,10-05-26-111252
24,0.7750460971112477,517.3284318298101,72194.38085146248,174943986181,exp1,5,15,1000.0,10,10-05-26-111252
0,0.3427704363859865,662.2416339814663,75586.45281102508,174530957089,exp1,5,15,1000.0,10,09-05-26-141047
1,0.5149047326367547,553.4128537401557,73539.0256922692,176904752472,exp1,5,15,1000.0,10,09-05-26-141047
2,0.669099569760295,479.1620327159762,75500.6269980222,174994935707,exp1,5,15,1000.0,10,09-05-26-141047
3,0.6939920098340504,473.4762841835618,74534.38194748014,175201597351,exp1,5,15,1000.0,10,09-05-26-141047
4,0.4985786724031961,506.5265856683254,73695.11648267508,173893121099,exp1,5,15,1000.0,10,09-05-26-141047
5,0.7204210202827289,474.8912341892719,72029.84753344208,176472994976,exp1,5,15,1000.0,10,09-05-26-141047
6,0.7645590043023971,488.0650946870446,72009.09363292158,174728902215,exp1,5,15,1000.0,10,09-05-26-141047
7,0.7622157344806392,489.3266698345542,74414.6870682016,176029409106,exp1,5,15,1000.0,10,09-05-26-141047
8,0.7586047940995697,471.91673051565886,74507.34184868634,175725701196,exp1,5,15,1000.0,10,09-05-26-141047
9,0.7469268592501537,505.1758363842964,72468.69484893978,174317878234,exp1,5,15,1000.0,10,09-05-26-141047
10,0.693338967424708,507.3355911299586,69348.32333959639,172941886014,exp1,5,15,1000.0,10,09-05-26-141047
11,0.7647510755992625,505.5758217349649,72479.62962463498,177624971251,exp1,5,15,1000.0,10,09-05-26-141047
12,0.7867240319606638,507.7732102945447,70103.76634914428,174292274996,exp1,5,15,1000.0,10,09-05-26-141047
13,0.7766979102642901,467.87089481949806,73115.12311175466,175380025346,exp1,5,15,1000.0,10,09-05-26-141047
14,0.7871081745543946,493.49629227072,72656.26752655953,174012400976,exp1,5,15,1000.0,10,09-05-26-141047
15,0.7609480639213276,508.95803794264793,69277.52234693617,175167194532,exp1,5,15,1000.0,10,09-05-26-141047
16,0.7815381069452981,514.6277630701661,73537.43979893625,175427965516,exp1,5,15,1000.0,10,09-05-26-141047
17,0.7900660725261217,528.6663137376308,73262.19619717449,177053116304,exp1,5,15,1000.0,10,09-05-26-141047
18,0.7880685310387215,493.9588569104672,70073.6805377528,173379336078,exp1,5,15,1000.0,10,09-05-26-141047
19,0.7824216349108789,436.1919956281781,72153.66951189935,173471214392,exp1,5,15,1000.0,10,09-05-26-141047
20,0.7863783036263061,522.2419472411275,72811.71165406704,175728260329,exp1,5,15,1000.0,10,09-05-26-141047
21,0.7795789797172711,489.7835161536932,74368.13023500144,174501326414,exp1,5,15,1000.0,10,09-05-26-141047
22,0.7961739397664414,436.3313736394048,72141.90468471497,173416016074,exp1,5,15,1000.0,10,09-05-26-141047
23,0.8077366318377381,526.1370427906513,71192.13719945401,176177004957,exp1,5,15,1000.0,10,09-05-26-141047
24,0.7968269821757836,497.0504781231284,73260.69558225572,175022830420,exp1,5,15,1000.0,10,09-05-26-141047
0,0.3839505224339274,627.78224889189,75265.93072339892,176537577360,exp1,5,15,1000.0,10,08-05-26-123027
1,0.4998079287031346,523.2512839138508,73266.113108024,176456112306,exp1,5,15,1000.0,10,08-05-26-123027
2,0.6681776275353412,457.2141170501709,72049.04677066952,173893777788,exp1,5,15,1000.0,10,08-05-26-123027
3,0.6635295021511985,545.6651216372848,75381.49250857532,176682498754,exp1,5,15,1000.0,10,08-05-26-123027
4,0.5884680393362016,497.6850971579552,73173.40660933405,175764533757,exp1,5,15,1000.0,10,08-05-26-123027
5,0.7163106945298094,496.7245263978839,74573.46148695797,175127338658,exp1,5,15,1000.0,10,08-05-26-123027
6,0.7435079901659496,443.65375488996506,74568.74507293105,174682841232,exp1,5,15,1000.0,10,08-05-26-123027
7,0.7489628149969269,456.714759580791,72037.7896996215,175860149775,exp1,5,15,1000.0,10,08-05-26-123027
8,0.7402043638598648,527.6358760893345,76020.37793770432,175926983209,exp1,5,15,1000.0,10,08-05-26-123027
9,0.7305239704978488,550.3433113917708,74912.43455559015,175103365754,exp1,5,15,1000.0,10,08-05-26-123027
10,0.7096650276582668,568.4910854324698,75427.43450030684,174139904463,exp1,5,15,1000.0,10,08-05-26-123027
11,0.778119237861094,514.8137398064137,72959.85180977732,175131762615,exp1,5,15,1000.0,10,08-05-26-123027
12,0.7583358942839582,539.9496061727405,76256.17365259677,173815790423,exp1,5,15,1000.0,10,08-05-26-123027
13,0.7460817455439459,445.0337281450629,73855.59044312686,175174878004,exp1,5,15,1000.0,10,08-05-26-123027
14,0.7723570989551322,539.3193885684013,72481.70926142484,174732384883,exp1,5,15,1000.0,10,08-05-26-123027
15,0.768899815611555,518.41935608536,72335.19777469337,176053198704,exp1,5,15,1000.0,10,08-05-26-123027
16,0.7736247695144438,492.8025035187602,74680.61557970941,175104295370,exp1,5,15,1000.0,10,08-05-26-123027
17,0.7777735095267363,547.717010602355,73834.80795007199,177734227880,exp1,5,15,1000.0,10,08-05-26-123027
18,0.7934849416103258,520.590515807271,74848.52559305727,173191929743,exp1,5,15,1000.0,10,08-05-26-123027
19,0.7825368776889982,571.611300110817,71524.2016185075,174679247336,exp1,5,15,1000.0,10,08-05-26-123027
20,0.794099569760295,477.11368184536695,71671.87754437327,176065768722,exp1,5,15,1000.0,10,08-05-26-123027
21,0.7839582052858021,520.7184255123138,72640.60316886753,174438092870,exp1,5,15,1000.0,10,08-05-26-123027
22,0.7945221266133989,505.63913211226463,74453.93975637853,172664199837,exp1,5,15,1000.0,10,08-05-26-123027
23,0.7933312845728334,486.9449296966195,71575.00845752656,175858666405,exp1,5,15,1000.0,10,08-05-26-123027
24,0.7797710510141365,504.93783596903086,74489.82232715935,175020238314,exp1,5,15,1000.0,10,08-05-26-123027
0,0.2622925629993853,631.3407374545932,38403.28899305314,169159609942,exp1,5,30,1000.0,10,10-05-26-123039
1,0.5091041794714198,559.5337068662047,36252.2408971563,168398689843,exp1,5,30,1000.0,10,10-05-26-123039
2,0.3784188690842041,489.2014339566231,36470.86992952973,166355301984,exp1,5,30,1000.0,10,10-05-26-123039
3,0.5479409956976029,439.0079881995917,36101.03690531105,166572214897,exp1,5,30,1000.0,10,10-05-26-123039
4,0.6557698217578365,536.6734191775322,37190.72252511978,169093155313,exp1,5,30,1000.0,10,10-05-26-123039
5,0.6985633066994469,516.1488028243184,36712.051204405725,168931406992,exp1,5,30,1000.0,10,10-05-26-123039
6,0.7168100799016595,517.5540400668979,35026.59780718386,168503120605,exp1,5,30,1000.0,10,10-05-26-123039
7,0.7224185617701291,508.1628514453769,36603.56922633946,167904498992,exp1,5,30,1000.0,10,10-05-26-123039
8,0.6762830362630609,533.7552968412638,34748.271574266255,165403147457,exp1,5,30,1000.0,10,10-05-26-123039
9,0.7044022741241549,481.2419516965747,36437.30412144214,168291785971,exp1,5,30,1000.0,10,10-05-26-123039
10,0.5777504609711125,425.8770886808634,34418.016348965466,164973161792,exp1,5,30,1000.0,10,10-05-26-123039
11,0.6327212661339889,518.1482182815671,34831.64668176323,167683386003,exp1,5,30,1000.0,10,10-05-26-123039
12,0.7198063921327597,521.5121153742075,35531.894989311695,169503483478,exp1,5,30,1000.0,10,10-05-26-123039
13,0.7420482483097726,486.4450776949525,35339.09857738763,168457837325,exp1,5,30,1000.0,10,10-05-26-123039
14,0.7475799016594961,450.194189324975,36397.15439546853,168662137759,exp1,5,30,1000.0,10,10-05-26-123039
15,0.7682467732022127,440.8368514850736,34485.19585467875,165120717528,exp1,5,30,1000.0,10,10-05-26-123039
16,0.7627535341118623,565.7343696802855,36146.28991950303,168260648666,exp1,5,30,1000.0,10,10-05-26-123039
17,0.7697449293177627,500.28438214212656,36884.90891922265,167406678462,exp1,5,30,1000.0,10,10-05-26-123039
18,0.7700522433927474,505.950621329248,37027.16755960137,168164201131,exp1,5,30,1000.0,10,10-05-26-123039
19,0.7518054701905347,518.8374863937497,35781.38910420239,169491701339,exp1,5,30,1000.0,10,10-05-26-123039
20,0.7685925015365703,500.5915882065892,36754.8044109717,167792395642,exp1,5,30,1000.0,10,10-05-26-123039
21,0.6726336816226183,480.4081944748759,36879.04905807227,167659519300,exp1,5,30,1000.0,10,10-05-26-123039
22,0.7014443761524278,513.0806239321828,36197.73232657462,169059908267,exp1,5,30,1000.0,10,10-05-26-123039
23,0.7360172095881992,544.0747244283557,36796.43579013646,168882184394,exp1,5,30,1000.0,10,10-05-26-123039
24,0.7605255070682237,491.4651084691286,34739.51191920787,166980402391,exp1,5,30,1000.0,10,10-05-26-123039
0,0.291180086047941,598.5281122848392,38357.19018243253,168684280716,exp1,5,30,1000.0,10,09-05-26-152933
1,0.5562768899815611,487.1687237173319,36549.45402778685,168441581523,exp1,5,30,1000.0,10,09-05-26-152933
2,0.4441072526121696,464.1201794147492,35739.05062768608,167721100293,exp1,5,30,1000.0,10,09-05-26-152933
3,0.4899738783036263,511.54915802180767,36501.75598543137,166320992730,exp1,5,30,1000.0,10,09-05-26-152933
4,0.6495082974800246,481.311034411192,37313.97573463619,169226564368,exp1,5,30,1000.0,10,09-05-26-152933
5,0.6843500307314075,435.869487002492,35808.1918573007,168141492529,exp1,5,30,1000.0,10,09-05-26-152933
6,0.6956054087277197,500.91316644102335,35105.19614815712,169600094195,exp1,5,30,1000.0,10,09-05-26-152933
7,0.6968346650276582,533.4877343848348,35411.9623741135,167621069427,exp1,5,30,1000.0,10,09-05-26-152933
8,0.7214582052858021,489.88979775458574,36431.26890901476,167612768858,exp1,5,30,1000.0,10,09-05-26-152933
9,0.7171942224953903,480.30693642795086,36561.81851867586,167586190855,exp1,5,30,1000.0,10,09-05-26-152933
10,0.5945374923171481,524.3187071755528,36438.40857129544,168724960310,exp1,5,30,1000.0,10,09-05-26-152933
11,0.5907728948985863,525.2797128632665,35622.661013156176,168869520804,exp1,5,30,1000.0,10,09-05-26-152933
12,0.7054778733866011,509.42135881632566,36219.35785468668,169066755157,exp1,5,30,1000.0,10,09-05-26-152933
13,0.7414336201598033,509.1174887493253,35904.58545833826,168800601578,exp1,5,30,1000.0,10,09-05-26-152933
14,0.7536109403810695,530.2586164325476,35674.18973427266,168166783238,exp1,5,30,1000.0,10,09-05-26-152933
15,0.7562231100184389,541.5018750354648,36355.24023510516,167264807641,exp1,5,30,1000.0,10,09-05-26-152933
16,0.761140135218193,480.82984797656536,35462.170460261405,168397274274,exp1,5,30,1000.0,10,09-05-26-152933
17,0.761639520590043,530.0659956410527,37004.92785871029,168200090785,exp1,5,30,1000.0,10,09-05-26-152933
18,0.7638291333743086,469.7722755372524,36362.55963332951,167654492084,exp1,5,30,1000.0,10,09-05-26-152933
19,0.7469268592501537,506.1101661995053,36315.12782163918,166855792575,exp1,5,30,1000.0,10,09-05-26-152933
20,0.6828518746158574,486.3080624490976,36242.21927020699,169502289275,exp1,5,30,1000.0,10,09-05-26-152933
21,0.7008681622618316,490.4174720868468,36331.57826401293,168571742912,exp1,5,30,1000.0,10,09-05-26-152933
22,0.7292178856791641,539.1906565055251,35778.561412356794,168644296116,exp1,5,30,1000.0,10,09-05-26-152933
23,0.7511524277811924,458.2964312285185,38634.7985630855,166849700042,exp1,5,30,1000.0,10,09-05-26-152933
24,0.7627919483712354,513.9520093798637,35913.30378316343,166266816703,exp1,5,30,1000.0,10,09-05-26-152933
0,0.2860325752919483,635.7598630711436,38020.06202097982,167684192999,exp1,5,30,1000.0,10,08-05-26-134913
1,0.4261677934849416,541.0162005573511,36443.06030403823,168636270214,exp1,5,30,1000.0,10,08-05-26-134913
2,0.4969268592501537,533.8388225063682,35677.56653949618,167286363162,exp1,5,30,1000.0,10,08-05-26-134913
3,0.4893208358942839,491.35605059564114,35340.59160575271,165739993497,exp1,5,30,1000.0,10,08-05-26-134913
4,0.6454363859864782,518.3926923200488,37295.03237176687,168173212727,exp1,5,30,1000.0,10,08-05-26-134913
5,0.6946450522433928,477.2171461954713,36499.1151439026,169908872453,exp1,5,30,1000.0,10,08-05-26-134913
6,0.697641364474493,529.7175329178572,38644.25894711167,168344637198,exp1,5,30,1000.0,10,08-05-26-134913
7,0.5924247080516287,521.6105012223125,36986.77548393607,167638146341,exp1,5,30,1000.0,10,08-05-26-134913
8,0.5719114935464045,520.6382917240262,36609.10256393254,167481173906,exp1,5,30,1000.0,10,08-05-26-134913
9,0.6639520590043024,515.3267299756408,37664.32385146618,169264535669,exp1,5,30,1000.0,10,08-05-26-134913
10,0.6870774431468961,503.2222317531705,35288.47526200116,168255172629,exp1,5,30,1000.0,10,08-05-26-134913
11,0.7236478180700676,516.665062867105,36251.91420130432,167996908304,exp1,5,30,1000.0,10,08-05-26-134913
12,0.7004456054087277,431.276679970324,35963.265132158995,166671331537,exp1,5,30,1000.0,10,08-05-26-134913
13,0.6912261831591887,471.5675078332424,37423.23059029877,165126813024,exp1,5,30,1000.0,10,08-05-26-134913
14,0.7352105101413645,550.8033214136958,38614.22046460211,168865907383,exp1,5,30,1000.0,10,08-05-26-134913
15,0.7537261831591887,536.1313978210092,36856.91243223846,170144680661,exp1,5,30,1000.0,10,08-05-26-134913
16,0.6716733251382914,515.1691464707255,36500.83436258137,169830451520,exp1,5,30,1000.0,10,08-05-26-134913
17,0.733520282728949,461.2902104854584,36964.46376666427,168574915617,exp1,5,30,1000.0,10,08-05-26-134913
18,0.7589889366933006,469.6356235072017,36412.05535642803,167438640787,exp1,5,30,1000.0,10,08-05-26-134913
19,0.7625230485556238,493.776734918356,37204.44279909134,170473882802,exp1,5,30,1000.0,10,08-05-26-134913
20,0.7737015980331899,464.70740623772144,35559.30474586785,166614884460,exp1,5,30,1000.0,10,08-05-26-134913
21,0.7647510755992625,492.7848046645522,35959.10345297307,167783238555,exp1,5,30,1000.0,10,08-05-26-134913
22,0.7633297480024586,476.45089868456125,36407.366162166,167476911798,exp1,5,30,1000.0,10,08-05-26-134913
23,0.7319068838352797,485.684035345912,35937.3316578567,168249387059,exp1,5,30,1000.0,10,08-05-26-134913
24,0.750460971112477,472.3571138456464,37366.19041953236,169585206537,exp1,5,30,1000.0,10,08-05-26-134913
0,0.134718807621389,682.6472319662571,9305.83068728447,162452144151,exp1,5,120,1000.0,10,08-05-26-173133
1,0.2027120467117394,510.3820767253637,9535.134648904204,163125965987,exp1,5,120,1000.0,10,08-05-26-173133
2,0.3539874001229256,520.829482935369,8992.490546777844,163661311746,exp1,5,120,1000.0,10,08-05-26-173133
3,0.4557083589428395,533.575507812202,9103.902043774724,161352488200,exp1,5,120,1000.0,10,08-05-26-173133
4,0.4960817455439459,490.5328992754221,9667.146779596806,162543799879,exp1,5,120,1000.0,10,08-05-26-173133
5,0.5504763368162262,526.3856668025255,9289.696123450994,162701006245,exp1,5,120,1000.0,10,08-05-26-173133
6,0.5602335586969883,505.204769782722,9404.941717162728,163738898313,exp1,5,120,1000.0,10,08-05-26-173133
7,0.5528580208973571,524.6555292978883,9001.224127598107,163462545008,exp1,5,120,1000.0,10,08-05-26-173133
8,0.5567378610940381,542.649251408875,9543.871679343283,162969811486,exp1,5,120,1000.0,10,08-05-26-173133
9,0.5164028887523049,462.2152643278241,9014.79553245008,161535631355,exp1,5,120,1000.0,10,08-05-26-173133
10,0.4400737553779963,527.0741349086165,9022.730140015485,161558920901,exp1,5,120,1000.0,10,08-05-26-173133
11,0.4318531038721573,542.2137640416622,9313.592130318284,162256884629,exp1,5,120,1000.0,10,08-05-26-173133
12,0.3294406883835279,468.8181299716234,9722.598052583637,160685842433,exp1,5,120,1000.0,10,08-05-26-173133
13,0.3743853718500307,503.8902740925551,9165.693172253668,161425337651,exp1,5,120,1000.0,10,08-05-26-173133
14,0.5029578979717271,513.0381640046835,9048.05318452418,163159893236,exp1,5,120,1000.0,10,08-05-26-173133
15,0.5293484941610326,535.7653964310884,9373.210136778653,162180645518,exp1,5,120,1000.0,10,08-05-26-173133
16,0.5997618315918869,545.9221098572016,9416.929024271669,163773385310,exp1,5,120,1000.0,10,08-05-26-173133
17,0.6169714197910264,534.9116325378418,9858.83687529713,162463117533,exp1,5,120,1000.0,10,08-05-26-173133
18,0.6417102028272895,488.81153203547,9765.975780785084,163312229888,exp1,5,120,1000.0,10,08-05-26-173133
19,0.6663721573448064,533.7523762136698,8919.486076571047,161896154205,exp1,5,120,1000.0,10,08-05-26-173133
20,0.6610709895513215,528.0370712280273,9412.7529989928,161582211983,exp1,5,120,1000.0,10,08-05-26-173133
21,0.6651044867854948,498.6591096967459,8793.244511820376,163767613270,exp1,5,120,1000.0,10,08-05-26-173133
22,0.6743239090350338,489.30977936834097,9270.997373387218,162429179472,exp1,5,120,1000.0,10,08-05-26-173133
23,0.6842347879532883,491.2591278553009,9249.126264825463,160328193174,exp1,5,120,1000.0,10,08-05-26-173133
24,0.6920328826060234,485.9227072447538,8863.564763218164,161464825501,exp1,5,120,1000.0,10,08-05-26-173133
0,0.1372157344806392,635.0124143064022,9576.08722988516,162668700572,exp1,5,120,1000.0,10,10-05-26-155156
1,0.2326367547633681,490.9314969554544,9255.655717104672,159140087301,exp1,5,120,1000.0,10,10-05-26-155156
2,0.3506453595574677,530.9558119624853,9651.812750846148,162897019914,exp1,5,120,1000.0,10,10-05-26-155156
3,0.4408804548248309,518.8077595084906,8956.226660870016,163148771470,exp1,5,120,1000.0,10,10-05-26-155156
4,0.5162492317148125,527.042880654335,9393.181316554546,162502929640,exp1,5,120,1000.0,10,10-05-26-155156
5,0.5260832821143209,540.1729205623269,9262.582642026246,160571828914,exp1,5,120,1000.0,10,10-05-26-155156
6,0.5494391518131531,517.720028758049,9806.473546661437,163469161886,exp1,5,120,1000.0,10,10-05-26-155156
7,0.5715657652120467,514.562563970685,9402.04721968621,162527349753,exp1,5,120,1000.0,10,10-05-26-155156
8,0.5975338045482483,536.103505641222,9913.88401761651,163929651011,exp1,5,120,1000.0,10,10-05-26-155156
9,0.5807851874615857,538.0892138928175,9919.173303060234,161529012131,exp1,5,120,1000.0,10,10-05-26-155156
10,0.5129071911493547,483.95708855241537,8878.264828585088,161659798056,exp1,5,120,1000.0,10,10-05-26-155156
11,0.427320221266134,521.0397131741047,9175.18879007548,161288767903,exp1,5,120,1000.0,10,10-05-26-155156
12,0.3233712354025814,589.4731702283025,9240.441482514145,162952847561,exp1,5,120,1000.0,10,10-05-26-155156
13,0.3319376152427781,489.3405865877867,9351.821893826129,163420958982,exp1,5,120,1000.0,10,10-05-26-155156
14,0.3337814996926859,515.3417410328984,9460.417938418686,162249977934,exp1,5,120,1000.0,10,10-05-26-155156
15,0.5001152427781193,467.7760191261768,9125.217154622078,161917202680,exp1,5,120,1000.0,10,10-05-26-155156
16,0.608020897357099,555.8291431516409,9513.691529631617,163053628338,exp1,5,120,1000.0,10,10-05-26-155156
17,0.6223878303626306,488.8526145368815,9424.540712498128,162733224275,exp1,5,120,1000.0,10,10-05-26-155156
18,0.610940381069453,497.3363410681486,9340.19124135375,159980702012,exp1,5,120,1000.0,10,10-05-26-155156
19,0.6389443761524278,513.2479947060347,8872.665288858116,159138567164,exp1,5,120,1000.0,10,10-05-26-155156
20,0.6487015980331899,508.8618481531739,9315.5068019405,162011281588,exp1,5,120,1000.0,10,10-05-26-155156
21,0.6590350338045482,478.120693936944,9451.299683190882,162837222493,exp1,5,120,1000.0,10,10-05-26-155156
22,0.677320221266134,529.3065318837762,9494.038397446277,163450793162,exp1,5,120,1000.0,10,10-05-26-155156
23,0.6783574062692072,780.5245062336326,9663.371624425054,164806706535,exp1,5,120,1000.0,10,10-05-26-155156
24,0.6809695759065765,457.2799978777766,8914.801872335374,159943927307,exp1,5,120,1000.0,10,10-05-26-155156
0,0.1440534726490473,635.50731446594,9551.906250417233,163825104303,exp1,5,120,1000.0,10,09-05-26-191151
1,0.2046711739397664,510.0132059305906,9279.288122430444,161847349454,exp1,5,120,1000.0,10,09-05-26-191151
2,0.281999078057775,483.48297737538815,9096.661792136729,162481735975,exp1,5,120,1000.0,10,09-05-26-191151
3,0.4050015365703749,438.4580962359905,9255.103363655508,162661248331,exp1,5,120,1000.0,10,09-05-26-191151
4,0.5041487400122926,551.9440863281488,9623.57041053474,162969919023,exp1,5,120,1000.0,10,09-05-26-191151
5,0.4970421020282728,515.015184879303,9623.471753671764,162056731507,exp1,5,120,1000.0,10,09-05-26-191151
6,0.56100184388445,517.1668957918882,9016.346604563296,162943157342,exp1,5,120,1000.0,10,09-05-26-191151
7,0.569798709280885,502.4631917476654,9078.670852817597,162162103944,exp1,5,120,1000.0,10,09-05-26-191151
8,0.5927320221266134,529.8240445554256,9098.583420738578,162632720127,exp1,5,120,1000.0,10,09-05-26-191151
9,0.6067148125384143,510.93081943690777,8994.191214442253,161947593261,exp1,5,120,1000.0,10,09-05-26-191151
10,0.508220651505839,485.53705867379904,9374.172307550907,162437401344,exp1,5,120,1000.0,10,09-05-26-191151
11,0.4071143208358942,556.4512992277741,9343.935017473996,162226204813,exp1,5,120,1000.0,10,09-05-26-191151
12,0.3637062077443146,505.4482445120812,9640.546770766376,161770743391,exp1,5,120,1000.0,10,09-05-26-191151
13,0.3274431468961278,523.0043288320303,9181.277508847415,161776863408,exp1,5,120,1000.0,10,09-05-26-191151
14,0.3539489858635525,501.48466043174267,9289.316441863775,162307632497,exp1,5,120,1000.0,10,09-05-26-191151
15,0.4849031960663798,500.23096706718206,8829.928980208933,161311364242,exp1,5,120,1000.0,10,09-05-26-191151
16,0.5764827904118008,532.0461532101035,9778.116497211158,163552061737,exp1,5,120,1000.0,10,09-05-26-191151
17,0.6004917025199754,548.5562440007925,9518.668378703296,162808994092,exp1,5,120,1000.0,10,09-05-26-191151
18,0.6108635525507068,535.1374363526702,8994.497865438461,162746610741,exp1,5,120,1000.0,10,09-05-26-191151
19,0.618200676090965,485.5492627248168,9050.311159342527,161615743838,exp1,5,120,1000.0,10,09-05-26-191151
20,0.6255762138905961,482.7912170439959,9760.13778336346,162282402745,exp1,5,120,1000.0,10,09-05-26-191151
21,0.6225799016594961,506.0189524665475,8908.551539294422,162011241378,exp1,5,120,1000.0,10,09-05-26-191151
22,0.6314151813153043,507.57031701505184,9402.097986079752,162702656903,exp1,5,120,1000.0,10,09-05-26-191151
23,0.6423248309772588,516.6597561910748,9616.467055864632,163510425325,exp1,5,120,1000.0,10,09-05-26-191151
24,0.6614935464044254,541.8794099241495,9582.854957319796,162648739473,exp1,5,120,1000.0,10,09-05-26-191151
0,0.106138598647818,629.7079976648092,3473.1653947383165,162104429619,exp1,5,360,1000.0,10,09-05-26-104246
1,0.1748617086662569,507.8754723072052,3152.808738872409,159902561513,exp1,5,360,1000.0,10,09-05-26-104246
2,0.1377151198524892,509.5198266208172,3322.646331973374,159668693274,exp1,5,360,1000.0,10,09-05-26-104246
3,0.1572679778733866,513.9854708686471,3088.7193782255054,162150546532,exp1,5,360,1000.0,10,09-05-26-104246
4,0.2386293792255685,496.6635890305042,3180.2759682759643,160938774187,exp1,5,360,1000.0,10,09-05-26-104246
5,0.2978641671788568,530.8740548789501,3178.842743858695,160724113016,exp1,5,360,1000.0,10,09-05-26-104246
6,0.3336662569145667,493.1078953668475,3231.5256847068667,161136309918,exp1,5,360,1000.0,10,09-05-26-104246
7,0.4071911493546404,447.5035322830081,3201.3302901759744,161080795459,exp1,5,360,1000.0,10,09-05-26-104246
8,0.410379532882606,474.9354012310505,3220.020204782486,159995183405,exp1,5,360,1000.0,10,09-05-26-104246
9,0.4574370006146281,500.9567122906447,3360.0515462458134,162167954700,exp1,5,360,1000.0,10,09-05-26-104246
10,0.4565534726490473,501.0273940861225,3165.0762958452106,159930382077,exp1,5,360,1000.0,10,09-05-26-104246
11,0.4606253841425937,532.5332684442401,3485.821884125471,161510747630,exp1,5,360,1000.0,10,09-05-26-104246
12,0.5122925629993854,503.3257119357586,3283.571348525584,161735810203,exp1,5,360,1000.0,10,09-05-26-104246
13,0.4868239090350338,537.1116138994694,3421.772191300988,159927884488,exp1,5,360,1000.0,10,09-05-26-104246
14,0.5772894898586355,505.09741622954607,3242.301025427878,159032004115,exp1,5,360,1000.0,10,09-05-26-104246
15,0.5600414874001229,499.2339899763465,3257.9813236370683,161702929937,exp1,5,360,1000.0,10,09-05-26-104246
16,0.540181315304241,522.7960189804435,3291.737306863069,160629857650,exp1,5,360,1000.0,10,09-05-26-104246
17,0.5578134603564844,513.5149462148547,3184.3073340132837,160625142998,exp1,5,360,1000.0,10,09-05-26-104246
18,0.538759987707437,477.9950520023704,3078.446479514241,158619640490,exp1,5,360,1000.0,10,09-05-26-104246
19,0.4867470805162876,407.2796804830432,3376.743143424392,159688549281,exp1,5,360,1000.0,10,09-05-26-104246
20,0.6077135832821143,517.7035313099623,3358.832362107933,160407646147,exp1,5,360,1000.0,10,09-05-26-104246
21,0.5974569760295021,514.5510835573077,3232.6597906649117,158326338359,exp1,5,360,1000.0,10,09-05-26-104246
22,0.6001843884449908,527.7467211708426,3092.640340328217,159463003932,exp1,5,360,1000.0,10,09-05-26-104246
23,0.6166256914566687,479.97376043349504,3310.458555817604,158374784975,exp1,5,360,1000.0,10,09-05-26-104246
24,0.5829363859864782,566.7832950130105,3345.678649842739,160944914822,exp1,5,360,1000.0,10,09-05-26-104246
0,0.077059004302397,566.9636409729719,3529.8339687287807,160069903911,exp1,5,360,1000.0,10,11-05-26-002038
1,0.1665258143822987,475.2789083868265,3298.7422309815884,160284132132,exp1,5,360,1000.0,10,11-05-26-002038
2,0.1470881991395206,444.26863361150026,3337.611042894423,160210423583,exp1,5,360,1000.0,10,11-05-26-002038
3,0.2275276582667486,556.809401139617,3171.263881959021,161878260028,exp1,5,360,1000.0,10,11-05-26-002038
4,0.2038260602335587,507.57310912013054,3167.324815876782,161798974250,exp1,5,360,1000.0,10,11-05-26-002038
5,0.170559311616472,506.5607568249106,3221.747571602464,160349778288,exp1,5,360,1000.0,10,11-05-26-002038
6,0.3029732636754763,506.2778191640973,3135.088779963553,161832556296,exp1,5,360,1000.0,10,11-05-26-002038
7,0.3097341733251383,547.1779685467482,3330.426419153809,159292069671,exp1,5,360,1000.0,10,11-05-26-002038
8,0.3364320835894284,523.3489824458957,3308.6580904200678,161235384079,exp1,5,360,1000.0,10,11-05-26-002038
9,0.4123386601106331,531.267330981791,3191.047734580934,159950829520,exp1,5,360,1000.0,10,11-05-26-002038
10,0.4704978488014751,520.4227259382606,3254.7170408070087,159222037870,exp1,5,360,1000.0,10,11-05-26-002038
11,0.4761447449293177,520.9094593301415,3206.306006759405,161055565390,exp1,5,360,1000.0,10,11-05-26-002038
12,0.4371542716656423,505.0100302323699,3340.992981567979,159960234208,exp1,5,360,1000.0,10,11-05-26-002038
13,0.4256299938537185,562.0453003793955,3333.4347615018487,161879539252,exp1,5,360,1000.0,10,11-05-26-002038
14,0.5129456054087277,526.9635943695903,3317.585067823529,161761710377,exp1,5,360,1000.0,10,11-05-26-002038
15,0.5389904732636754,467.0070428401232,3325.819291174412,160846321309,exp1,5,360,1000.0,10,11-05-26-002038
16,0.5180931161647203,543.6025699600577,3198.42270296067,161195931784,exp1,5,360,1000.0,10,11-05-26-002038
17,0.5223955132145052,592.4675138667226,3188.6334707960486,162225570927,exp1,5,360,1000.0,10,11-05-26-002038
18,0.4891671788567916,523.1764884665608,3252.402170561254,160409271665,exp1,5,360,1000.0,10,11-05-26-002038
19,0.5056084818684696,516.3762690499425,3422.9126907885075,160136071276,exp1,5,360,1000.0,10,11-05-26-002038
20,0.5428318992009834,460.34788619726896,3484.928294084966,158593022526,exp1,5,360,1000.0,10,11-05-26-002038
21,0.4822141979102642,512.3344138264656,3365.395335480571,161426029606,exp1,5,360,1000.0,10,11-05-26-002038
22,0.4035417947141979,529.840249568224,3252.0432081073523,161425188030,exp1,5,360,1000.0,10,11-05-26-002038
23,0.4550169022741241,483.0186050385237,3305.923609994352,159394232493,exp1,5,360,1000.0,10,11-05-26-002038
24,0.4319683466502765,556.6661674529314,3343.259840272367,160995103304,exp1,5,360,1000.0,10,11-05-26-002038
0,0.0936539643515673,590.3196567669511,3465.920529328286,161431504217,exp1,5,360,1000.0,10,10-05-26-023318
1,0.184119545175169,510.41425485163927,3232.41332732141,160190416118,exp1,5,360,1000.0,10,10-05-26-023318
2,0.119199446834665,552.556324750185,3340.741158463061,161150939822,exp1,5,360,1000.0,10,10-05-26-023318
3,0.1706745543945912,485.6843091547489,3320.82842849195,161052032255,exp1,5,360,1000.0,10,10-05-26-023318
4,0.190880454824831,524.6450323611498,3377.4832701310515,159895668081,exp1,5,360,1000.0,10,10-05-26-023318
5,0.2868776889981561,503.1601609662175,3356.9679511711,161897538532,exp1,5,360,1000.0,10,10-05-26-023318
6,0.3221035648432698,545.7754926756024,3194.835658185184,162457191772,exp1,5,360,1000.0,10,10-05-26-023318
7,0.3426936078672403,543.451770208776,3448.020215146244,160324551728,exp1,5,360,1000.0,10,10-05-26-023318
8,0.3285955746773202,484.3559982255101,3371.731547638774,160381709684,exp1,5,360,1000.0,10,10-05-26-023318
9,0.3951290719114935,478.5493947565556,3390.1438415050507,161517699641,exp1,5,360,1000.0,10,10-05-26-023318
10,0.4559772587584511,505.0386032089591,3345.8515871316195,161500136081,exp1,5,360,1000.0,10,10-05-26-023318
11,0.4881299938537185,485.046879388392,3339.900024235249,158894771435,exp1,5,360,1000.0,10,10-05-26-023318
12,0.5161724031960664,549.1281254217029,3370.67989166826,161279822912,exp1,5,360,1000.0,10,10-05-26-023318
13,0.5537415488629379,544.7227032855153,3239.6321268752217,162005724417,exp1,5,360,1000.0,10,10-05-26-023318
14,0.5563537185003073,532.2967953979969,3241.9022312387824,160351101641,exp1,5,360,1000.0,10,10-05-26-023318
15,0.5767132759680393,545.0102658942342,3303.44913713634,158966962991,exp1,5,360,1000.0,10,10-05-26-023318
16,0.5939612784265519,591.6465725749731,3334.255510941148,162253830468,exp1,5,360,1000.0,10,10-05-26-023318
17,0.5851644130301168,584.1388460248709,3311.981102451682,161788221821,exp1,5,360,1000.0,10,10-05-26-023318
18,0.6006069452980947,451.5018807724118,3345.8393942564726,162062542994,exp1,5,360,1000.0,10,10-05-26-023318
19,0.5927704363859865,475.9371243417263,3331.1032792553306,161675761994,exp1,5,360,1000.0,10,10-05-26-023318
20,0.6017977873386601,546.6405190527439,3245.38519512862,158292648255,exp1,5,360,1000.0,10,10-05-26-023318
21,0.5832821143208359,680.1201310008764,3368.2411033660173,161508737415,exp1,5,360,1000.0,10,10-05-26-023318
22,0.6122080516287646,593.746087513864,3243.479081429541,161965213782,exp1,5,360,1000.0,10,10-05-26-023318
23,0.6131299938537185,480.1853923127055,3272.9861242696643,160785442996,exp1,5,360,1000.0,10,10-05-26-023318
24,0.6126690227412416,530.0684422254562,3487.35148832202,160082688386,exp1,5,360,1000.0,10,10-05-26-023318
0,0.1295712968653964,635.9176309779286,4702.712005004287,161300451613,exp1,5,260,1000.0,10,08-05-26-222235
1,0.1625691456668715,542.7243141457438,4455.606205388904,163515935925,exp1,5,260,1000.0,10,08-05-26-222235
2,0.1768208358942839,499.5404295623303,4368.570722639561,160148804303,exp1,5,260,1000.0,10,08-05-26-222235
3,0.2571066379840196,493.04532539099455,4594.211402349174,159844099840,exp1,5,260,1000.0,10,08-05-26-222235
4,0.2564151813153042,513.53601180017,4424.3065398186445,158667829631,exp1,5,260,1000.0,10,08-05-26-222235
5,0.3269053472649047,466.0479025915265,4534.0677704662085,160148985562,exp1,5,260,1000.0,10,08-05-26-222235
6,0.3632836508912108,539.6075174212456,4491.448569111526,162023579314,exp1,5,260,1000.0,10,08-05-26-222235
7,0.4189074984634296,451.80149003863335,4416.036158800125,160458768258,exp1,5,260,1000.0,10,08-05-26-222235
8,0.4307006760909649,500.9708916768432,4645.786548033357,161703495981,exp1,5,260,1000.0,10,08-05-26-222235
9,0.4724953902888752,501.4556655660272,4420.445463620126,159548786116,exp1,5,260,1000.0,10,08-05-26-222235
10,0.5168638598647818,461.452673189342,4500.606124289334,163462096154,exp1,5,260,1000.0,10,08-05-26-222235
11,0.5503995082974801,557.6004218310118,4237.969155423343,162110589572,exp1,5,260,1000.0,10,08-05-26-222235
12,0.5508988936693301,456.9919528439641,4210.7098614797,161518213299,exp1,5,260,1000.0,10,08-05-26-222235
13,0.5437922556853104,496.3852502405644,4246.657128445804,160157383201,exp1,5,260,1000.0,10,08-05-26-222235
14,0.5782498463429625,510.7613932341337,4317.968348041177,160077406905,exp1,5,260,1000.0,10,08-05-26-222235
15,0.5575061462814997,477.80005540698767,4402.448677457869,163008077535,exp1,5,260,1000.0,10,08-05-26-222235
16,0.5587354025814383,499.6948419138789,4590.186784975231,163254709076,exp1,5,260,1000.0,10,08-05-26-222235
17,0.4842885679164105,513.9226485043764,4307.925227098167,159315664308,exp1,5,260,1000.0,10,08-05-26-222235
18,0.5429855562384758,508.4209395572543,4346.458703279495,162928357573,exp1,5,260,1000.0,10,08-05-26-222235
19,0.4977335586969883,432.4933802708984,4761.711454018951,160338867346,exp1,5,260,1000.0,10,08-05-26-222235
20,0.4710356484326982,444.5351408794522,4460.670655593276,159423856460,exp1,5,260,1000.0,10,08-05-26-222235
21,0.4664643515673017,489.8579344153404,4350.148202851415,160830031887,exp1,5,260,1000.0,10,08-05-26-222235
22,0.4148740012292563,535.9989199787378,4308.585721999407,162036399665,exp1,5,260,1000.0,10,08-05-26-222235
23,0.2948294406883835,502.1625924855471,4268.879665993154,162620082319,exp1,5,260,1000.0,10,08-05-26-222235
24,0.3171481253841426,549.7516263276339,4460.132466629148,161967703924,exp1,5,260,1000.0,10,08-05-26-222235
0,0.1483558696988322,729.4303784146905,4639.714923687279,162214331328,exp1,5,260,1000.0,10,10-05-26-000257
1,0.164259373079287,437.521792948246,4434.73956733942,159542553993,exp1,5,260,1000.0,10,10-05-26-000257
2,0.1923017824216349,490.4119083657861,4644.893967546523,163425371438,exp1,5,260,1000.0,10,10-05-26-000257
3,0.2732022126613398,510.3598386049271,4322.348352521658,162488017863,exp1,5,260,1000.0,10,10-05-26-000257
4,0.3400814382298709,493.9054846763611,4375.401724129915,161199774429,exp1,5,260,1000.0,10,10-05-26-000257
5,0.3505685310387216,537.1335120871663,4491.902782581747,160926987810,exp1,5,260,1000.0,10,10-05-26-000257
6,0.4386524277811924,534.3877589330077,4584.745120257139,160760691747,exp1,5,260,1000.0,10,10-05-26-000257
7,0.4688844499078057,516.9576071202755,4304.45509776473,162509175502,exp1,5,260,1000.0,10,10-05-26-000257
8,0.4706130915795943,491.8949455022812,4314.994345419109,163061188296,exp1,5,260,1000.0,10,10-05-26-000257
9,0.4920482483097725,548.2889600098133,4467.507604509592,160511616232,exp1,5,260,1000.0,10,10-05-26-000257
10,0.4981561155500922,542.7474295720458,4449.412018992007,160525132134,exp1,5,260,1000.0,10,10-05-26-000257
11,0.5108328211432084,556.6578134894371,4713.224302046001,160837595621,exp1,5,260,1000.0,10,10-05-26-000257
12,0.4701905347264904,517.9324802011251,4357.442470267415,158533199192,exp1,5,260,1000.0,10,10-05-26-000257
13,0.5344960049170252,509.0664364397526,4697.342061437666,160061238751,exp1,5,260,1000.0,10,10-05-26-000257
14,0.5090657652120467,479.9924595281482,4639.201938174665,161412334801,exp1,5,260,1000.0,10,10-05-26-000257
15,0.5419099569760295,438.2000733166933,4445.815468207002,161319453628,exp1,5,260,1000.0,10,10-05-26-000257
16,0.5449062692071297,476.2756312265992,4739.276312291622,159139318867,exp1,5,260,1000.0,10,10-05-26-000257
17,0.5685310387215734,532.0255123078823,4214.110101573169,161237667790,exp1,5,260,1000.0,10,10-05-26-000257
18,0.5316149354640443,564.5582517609,4532.211405225098,161688605106,exp1,5,260,1000.0,10,10-05-26-000257
19,0.5441763982790412,490.75453262776136,4720.930580981076,160854013117,exp1,5,260,1000.0,10,10-05-26-000257
20,0.5734864781807006,524.0659788250923,4287.2577626258135,161827258856,exp1,5,260,1000.0,10,10-05-26-000257
21,0.5369545175169023,528.1328205019236,4421.458717435598,162445794648,exp1,5,260,1000.0,10,10-05-26-000257
22,0.5496312231100184,531.6996751353145,4655.938763171434,161637949310,exp1,5,260,1000.0,10,10-05-26-000257
23,0.551859250153657,435.2092072367668,4522.424465976656,159559805142,exp1,5,260,1000.0,10,10-05-26-000257
24,0.4793331284572833,503.0758548527956,4401.481359265745,161931850776,exp1,5,260,1000.0,10,10-05-26-000257
0,0.1182006760909649,638.70701007545,4424.014382995665,160892095570,exp1,5,260,1000.0,10,10-05-26-204321
1,0.1345651505838967,567.8390115499496,4338.997176848352,161552986351,exp1,5,260,1000.0,10,10-05-26-204321
2,0.1949523663183773,474.52836111187935,4377.955952659249,162494913501,exp1,5,260,1000.0,10,10-05-26-204321
3,0.2374001229256299,525.6269611418247,4740.689885802567,161885336019,exp1,5,260,1000.0,10,10-05-26-204321
4,0.2947141979102642,509.6207316964865,4323.884919285774,161803136758,exp1,5,260,1000.0,10,10-05-26-204321
5,0.3552550706822373,515.1583971455693,4314.887530170381,159289999368,exp1,5,260,1000.0,10,10-05-26-204321
6,0.3474185617701291,547.3248213529587,4329.547266475856,163188686390,exp1,5,260,1000.0,10,10-05-26-204321
7,0.4064612784265519,513.4882293641567,4523.262866772711,161650003233,exp1,5,260,1000.0,10,10-05-26-204321
8,0.4877458512599877,472.4667696282268,4405.291270464659,158926907581,exp1,5,260,1000.0,10,10-05-26-204321
9,0.493239090350338,510.762126185,4424.150361679494,161145783110,exp1,5,260,1000.0,10,10-05-26-204321
10,0.5141748617086662,464.18119315057993,4453.399826772511,160149166206,exp1,5,260,1000.0,10,10-05-26-204321
11,0.483558696988322,511.82129606604576,4474.042073823512,159008648855,exp1,5,260,1000.0,10,10-05-26-204321
12,0.5077596803933621,532.8718414530158,4216.020748019218,160411706161,exp1,5,260,1000.0,10,10-05-26-204321
13,0.5120236631837738,506.9420486688614,4181.864318437874,159903867079,exp1,5,260,1000.0,10,10-05-26-204321
14,0.5524354640442533,477.9394920915365,4381.025233305991,159422269654,exp1,5,260,1000.0,10,10-05-26-204321
15,0.5623079287031346,522.9134634137154,4432.485919445753,161726053664,exp1,5,260,1000.0,10,10-05-26-204321
16,0.5892363245236631,536.3917201757431,4272.219230420888,160848455756,exp1,5,260,1000.0,10,10-05-26-204321
17,0.5145590043023971,503.2704956829548,4426.260438747704,160451482027,exp1,5,260,1000.0,10,10-05-26-204321
18,0.5545098340503996,523.081093095243,4507.362999022007,161602215413,exp1,5,260,1000.0,10,10-05-26-204321
19,0.4531730178242164,429.9197886139154,4270.39007563144,160321192134,exp1,5,260,1000.0,10,10-05-26-204321
20,0.4629686539643515,506.67084101587534,4288.859031163156,160812275977,exp1,5,260,1000.0,10,10-05-26-204321
21,0.4517516902274124,542.6505682989955,4443.362407386303,161243838854,exp1,5,260,1000.0,10,10-05-26-204321
22,0.4414182544560541,487.1065728366375,4355.456219986081,159430508018,exp1,5,260,1000.0,10,10-05-26-204321
23,0.4446834665027658,514.9780260398984,4164.109006524086,161195882964,exp1,5,260,1000.0,10,10-05-26-204321
24,0.3920559311616472,536.8449101224542,4146.613138727844,161481848879,exp1,5,260,1000.0,10,10-05-26-204321
0,0.0810156730178242,614.5865265280008,4034.4640305265775,161126612232,exp1,5,330,1000.0,10,08-05-26-234107
1,0.1430547019053472,530.360447242856,3647.23430108279,159125324468,exp1,5,330,1000.0,10,08-05-26-234107
2,0.1723263675476336,519.762665964663,3473.171432502568,163147474001,exp1,5,330,1000.0,10,08-05-26-234107
3,0.2055931161647203,504.9440497532487,3511.794462800026,160943245639,exp1,5,330,1000.0,10,08-05-26-234107
4,0.2745467117393976,505.1492629572749,3528.906145133078,160557261853,exp1,5,330,1000.0,10,08-05-26-234107
5,0.3088506453595575,481.5485989674926,3535.1575314998627,160322064718,exp1,5,330,1000.0,10,08-05-26-234107
6,0.3429625076828518,544.156133197248,3651.773787103593,160443472901,exp1,5,330,1000.0,10,08-05-26-234107
7,0.4085740626920713,547.5373975932598,3770.431764423847,162446575990,exp1,5,330,1000.0,10,08-05-26-234107
8,0.3971650276582667,499.886741861701,3508.0049810931087,161430009266,exp1,5,330,1000.0,10,08-05-26-234107
9,0.4398816840811309,506.2014786526561,3381.9308448582888,161082825241,exp1,5,330,1000.0,10,08-05-26-234107
10,0.4420712968653964,489.2513230443001,3383.368674665689,120356583846,exp1,5,330,1000.0,10,08-05-26-234107
11,0.5183236017209588,404.2838010936976,2680.246230214834,164300446206,exp1,5,330,1000.0,10,08-05-26-234107
12,0.4971573448063921,438.7438064441085,2759.431409649551,138016909213,exp1,5,330,1000.0,10,08-05-26-234107
13,0.5071066379840197,403.35305966436863,2743.065247312188,133820603845,exp1,5,330,1000.0,10,08-05-26-234107
14,0.5626920712968654,371.6556364670396,2919.851046986878,131325938094,exp1,5,330,1000.0,10,08-05-26-234107
15,0.5530885064535955,393.6007795855403,2792.621737346053,130397422350,exp1,5,330,1000.0,10,08-05-26-234107
16,0.5098724646588814,409.1752702370286,2787.993279285729,130950221667,exp1,5,330,1000.0,10,08-05-26-234107
17,0.5340350338045482,442.5364891067147,2827.280458062887,131177684311,exp1,5,330,1000.0,10,08-05-26-234107
18,0.542140442532268,346.6707076877356,2788.067396730185,130131925362,exp1,5,330,1000.0,10,08-05-26-234107
19,0.5481330669944684,464.8544955998659,2847.810783423484,130444206704,exp1,5,330,1000.0,10,08-05-26-234107
20,0.4944683466502765,388.0880316719413,2915.2885507792234,130936363955,exp1,5,330,1000.0,10,08-05-26-234107
21,0.5006530424093424,363.3773159235716,2646.8701707199216,131157913802,exp1,5,330,1000.0,10,08-05-26-234107
22,0.4817916410571604,411.3212823867798,2788.339626044035,131480481340,exp1,5,330,1000.0,10,08-05-26-234107
23,0.4766441303011678,407.941771671176,2761.182403191924,130753174196,exp1,5,330,1000.0,10,08-05-26-234107
24,0.3703518746158574,384.4886487349868,2877.6835687458515,131109484131,exp1,5,330,1000.0,10,08-05-26-234107
0,0.0692224953902888,541.5010480210185,3855.0556423142552,162225069929,exp1,5,330,1000.0,10,10-05-26-012033
1,0.1568838352796558,555.1954479888082,3476.954068057239,161661260535,exp1,5,330,1000.0,10,10-05-26-012033
2,0.162338660110633,517.6266133785248,3520.657416433096,161635803897,exp1,5,330,1000.0,10,10-05-26-012033
3,0.1808159188690842,476.5670318156481,3429.219621233642,159303272249,exp1,5,330,1000.0,10,10-05-26-012033
4,0.2868008604794099,513.457527384162,3507.3938043788075,160500017618,exp1,5,330,1000.0,10,10-05-26-012033
5,0.2901813153042409,535.0710768252611,3733.342858031392,160852837420,exp1,5,330,1000.0,10,10-05-26-012033
6,0.3411570374923171,520.8447966724634,3473.131719976664,161055413487,exp1,5,330,1000.0,10,10-05-26-012033
7,0.3464966195451752,443.62110178917646,3417.1136133372784,159155525025,exp1,5,330,1000.0,10,10-05-26-012033
8,0.3786493546404425,509.6393907442689,3426.052149385214,160166924479,exp1,5,330,1000.0,10,10-05-26-012033
9,0.4131069452980946,443.6862589791417,3553.1390514224768,159596019033,exp1,5,330,1000.0,10,10-05-26-012033
10,0.4935464044253226,501.36148650199175,3573.1402952224016,160867719502,exp1,5,330,1000.0,10,10-05-26-012033
11,0.4880531653349723,515.8256459981203,3439.5379554480314,158920967746,exp1,5,330,1000.0,10,10-05-26-012033
12,0.4959280885064536,479.0526842698455,3604.9276059493423,158650811522,exp1,5,330,1000.0,10,10-05-26-012033
13,0.4845574677320221,511.4924684166908,3503.697388805449,160159638506,exp1,5,330,1000.0,10,10-05-26-012033
14,0.5089505224339275,494.8315303772688,3618.857161141932,160114893717,exp1,5,330,1000.0,10,10-05-26-012033
15,0.5260448678549478,479.0499834343791,3619.301653467119,161888503998,exp1,5,330,1000.0,10,10-05-26-012033
16,0.5390673017824217,653.6386571824551,3390.4754742980003,162364157914,exp1,5,330,1000.0,10,10-05-26-012033
17,0.4848647818070067,502.4913270026445,3534.7120901569724,159973270479,exp1,5,330,1000.0,10,10-05-26-012033
18,0.5162492317148125,501.513309776783,3513.8170160353184,163539024463,exp1,5,330,1000.0,10,10-05-26-012033
19,0.5361094038106945,524.767741560936,3648.148035630584,161658756199,exp1,5,330,1000.0,10,10-05-26-012033
20,0.4512907191149354,529.5861959457397,3550.853779539466,161585704219,exp1,5,330,1000.0,10,10-05-26-012033
21,0.4701137062077443,513.4448558092117,3494.88936457783,161668098522,exp1,5,330,1000.0,10,10-05-26-012033
22,0.4464505224339274,530.3516779094934,3449.289714917541,160575374568,exp1,5,330,1000.0,10,10-05-26-012033
23,0.454940073755378,490.4810041189194,3465.064271353185,162069608585,exp1,5,330,1000.0,10,10-05-26-012033
24,0.4126075599262446,571.2417615577579,3593.884512782097,162088992248,exp1,5,330,1000.0,10,10-05-26-012033
0,0.1095574677320221,621.6139141470194,3661.5449395030737,161690245703,exp1,5,330,1000.0,10,10-05-26-230852
1,0.1616856177012907,531.0194846242666,3588.1756227463484,162017721883,exp1,5,330,1000.0,10,10-05-26-230852
2,0.1587277197295636,445.5253332853317,3420.947002246976,158601402212,exp1,5,330,1000.0,10,10-05-26-230852
3,0.1832360172095882,516.0758253186941,3496.808503754437,162150948337,exp1,5,330,1000.0,10,10-05-26-230852
4,0.242278733866011,433.3862382918596,3361.813571304083,159610319132,exp1,5,330,1000.0,10,10-05-26-230852
5,0.2821911493546404,435.9173448756337,3567.3894062638283,158898832389,exp1,5,330,1000.0,10,10-05-26-230852
6,0.2859173325138291,470.144210383296,3499.4592517614365,160927853346,exp1,5,330,1000.0,10,10-05-26-230852
7,0.3379302397049785,489.2205474898219,3529.970768839121,160421506242,exp1,5,330,1000.0,10,10-05-26-230852
8,0.3458819913952059,500.7993467152119,3556.5417455509305,160673971314,exp1,5,330,1000.0,10,10-05-26-230852
9,0.3762676705593116,513.5056897997856,3738.3007537573576,159359012356,exp1,5,330,1000.0,10,10-05-26-230852
10,0.3744622003687768,487.5447144731879,3498.838644474745,158986927587,exp1,5,330,1000.0,10,10-05-26-230852
11,0.4099185617701291,500.1988559961319,3651.759681291878,161580269870,exp1,5,330,1000.0,10,10-05-26-230852
12,0.5205900430239705,448.4533490613103,3593.7152905389667,159311687377,exp1,5,330,1000.0,10,10-05-26-230852
13,0.4946220036877689,499.271378852427,3632.547626271844,159981845933,exp1,5,330,1000.0,10,10-05-26-230852
14,0.510179778733866,522.7587893605232,3613.600231707096,160376167428,exp1,5,330,1000.0,10,10-05-26-230852
15,0.5433696988322065,496.2877165526152,3807.186359539628,158987656397,exp1,5,330,1000.0,10,10-05-26-230852
16,0.5604640442532268,503.2358719035983,3485.351919196546,161438087507,exp1,5,330,1000.0,10,10-05-26-230852
17,0.5641902274124155,535.6373805552721,3662.626353092492,161884882721,exp1,5,330,1000.0,10,10-05-26-230852
18,0.5789413030116779,507.6615512371063,3582.022330723703,161676682617,exp1,5,330,1000.0,10,10-05-26-230852
19,0.6059081130915795,513.4441675618291,3534.0711176395416,162012328963,exp1,5,330,1000.0,10,10-05-26-230852
20,0.5649969268592502,456.9132784381509,3857.4962001293898,161211713948,exp1,5,330,1000.0,10,10-05-26-230852
21,0.5878149969268592,469.7383083403111,3488.43854945153,159338414894,exp1,5,330,1000.0,10,10-05-26-230852
22,0.5988014751075599,537.0803661644459,3564.785625785589,161100798272,exp1,5,330,1000.0,10,10-05-26-230852
23,0.6046020282728949,502.60309502482414,3437.975073233247,159751784096,exp1,5,330,1000.0,10,10-05-26-230852
24,0.5897357098955132,505.3605558350682,3420.7188161090016,159771361430,exp1,5,330,1000.0,10,10-05-26-230852
0,0.1808543331284572,604.6539023518562,20252.10965424776,165619680731,exp1,5,60,1000.0,10,10-05-26-134626
1,0.4159880147510756,536.4292282611132,18626.64415501058,163103038389,exp1,5,60,1000.0,10,10-05-26-134626
2,0.535379532882606,575.7200010120869,18805.663811042905,164861422524,exp1,5,60,1000.0,10,10-05-26-134626
3,0.5860863552550707,479.0004435926676,19989.78382069617,164219285111,exp1,5,60,1000.0,10,10-05-26-134626
4,0.4822526121696374,477.6807287707925,19741.28532037139,163356671993,exp1,5,60,1000.0,10,10-05-26-134626
5,0.3122695144437615,504.2955344542861,18387.958246283237,162570331541,exp1,5,60,1000.0,10,10-05-26-134626
6,0.3558696988322065,528.531514108181,18498.89172334224,164698106213,exp1,5,60,1000.0,10,10-05-26-134626
7,0.4748770743700061,522.4621696397662,18622.394058853388,165805837274,exp1,5,60,1000.0,10,10-05-26-134626
8,0.581399815611555,499.1557998582721,19034.69175472856,164302118829,exp1,5,60,1000.0,10,10-05-26-134626
9,0.6263060848186847,458.3731340244413,18426.37160886079,164354444571,exp1,5,60,1000.0,10,10-05-26-134626
10,0.6555777504609711,500.7107527926564,18226.527710445225,163871412127,exp1,5,60,1000.0,10,10-05-26-134626
11,0.6706361401352182,521.6745072975755,18017.899960279465,164884535769,exp1,5,60,1000.0,10,10-05-26-134626
12,0.6850414874001229,531.7590739578009,17816.02704245597,166684983918,exp1,5,60,1000.0,10,10-05-26-134626
13,0.6919560540872772,473.9807266741991,18060.67883502692,163873661428,exp1,5,60,1000.0,10,10-05-26-134626
14,0.683120774431469,485.2344328537584,17904.80492543429,164541110110,exp1,5,60,1000.0,10,10-05-26-134626
15,0.7016364474492932,494.7531670331955,17585.64310055226,164533874512,exp1,5,60,1000.0,10,10-05-26-134626
16,0.7156960663798402,508.0643044784665,17772.56263140589,164673994108,exp1,5,60,1000.0,10,10-05-26-134626
17,0.7078979717271051,481.04396276175976,17260.23841276765,162784716881,exp1,5,60,1000.0,10,10-05-26-134626
18,0.714159496004917,488.5950228199363,18297.294025309384,165386298552,exp1,5,60,1000.0,10,10-05-26-134626
19,0.7120851259987707,509.8968204110861,18044.674715027213,163889295026,exp1,5,60,1000.0,10,10-05-26-134626
20,0.6909188690842041,511.02480571717024,18408.221596851945,163250158110,exp1,5,60,1000.0,10,10-05-26-134626
21,0.5859326982175783,518.9881389960647,17772.223195061088,163073610137,exp1,5,60,1000.0,10,10-05-26-134626
22,0.5036493546404426,541.5664426982403,17957.463084720075,164478189553,exp1,5,60,1000.0,10,10-05-26-134626
23,0.5171711739397664,475.7768800482154,19867.66151152551,164782165502,exp1,5,60,1000.0,10,10-05-26-134626
24,0.6006837738168408,441.0912562161684,17969.97533738613,164580399068,exp1,5,60,1000.0,10,10-05-26-134626
0,0.1581899200983405,685.2547880262136,19196.140551939607,163485914111,exp1,5,60,1000.0,10,09-05-26-164520
1,0.399738783036263,528.5841161385179,18253.942522220317,164946211168,exp1,5,60,1000.0,10,09-05-26-164520
2,0.4830977258758451,511.2521722912789,19140.199047513303,164925519103,exp1,5,60,1000.0,10,09-05-26-164520
3,0.5369161032575291,502.0107952877879,18433.29576961696,163332940917,exp1,5,60,1000.0,10,09-05-26-164520
4,0.5866241548862938,550.7653364911675,19070.409482344985,164965276554,exp1,5,60,1000.0,10,09-05-26-164520
5,0.4315842040565458,545.8941115066409,18808.223861269653,164065032956,exp1,5,60,1000.0,10,09-05-26-164520
6,0.3883297480024585,546.9981264322996,17615.898032672703,164350333790,exp1,5,60,1000.0,10,09-05-26-164520
7,0.4750691456668715,430.2713209763169,18100.917539559305,164467096669,exp1,5,60,1000.0,10,09-05-26-164520
8,0.5828979717271051,538.3173683658242,18295.638606883585,165486604943,exp1,5,60,1000.0,10,09-05-26-164520
9,0.6407498463429625,520.5520940944552,17958.733547478914,166792018568,exp1,5,60,1000.0,10,09-05-26-164520
10,0.6793561770129072,492.090629413724,18239.67261519283,163380110103,exp1,5,60,1000.0,10,09-05-26-164520
11,0.6825829748002459,446.4597618207336,18358.652180992067,164715958921,exp1,5,60,1000.0,10,09-05-26-164520
12,0.6910341118623233,478.4947512671352,17828.602290712297,165087876818,exp1,5,60,1000.0,10,09-05-26-164520
13,0.7048248309772588,461.00367698818445,18085.79538948834,163960819957,exp1,5,60,1000.0,10,09-05-26-164520
14,0.7155808236017209,477.4168273434043,17169.59055699408,162923156368,exp1,5,60,1000.0,10,09-05-26-164520
15,0.7057467732022127,518.4629065915942,18320.05706429481,165655165301,exp1,5,60,1000.0,10,09-05-26-164520
16,0.7207667486170867,551.0636102408171,17898.225883953273,164491093416,exp1,5,60,1000.0,10,09-05-26-164520
17,0.7311770129071912,535.6846442446113,18936.50765903294,166516794181,exp1,5,60,1000.0,10,09-05-26-164520
18,0.7272587584511371,454.8000954091549,17576.916315592825,164273045386,exp1,5,60,1000.0,10,09-05-26-164520
19,0.6153580208973571,503.5783648490906,18705.65266534686,163301531680,exp1,5,60,1000.0,10,09-05-26-164520
20,0.5275814382298709,523.4721526503563,17869.50832232833,164400622821,exp1,5,60,1000.0,10,09-05-26-164520
21,0.6043331284572834,506.3499817624688,17596.798457205296,163778704211,exp1,5,60,1000.0,10,09-05-26-164520
22,0.6298786109403811,451.1115625500679,18298.927039839327,163598975780,exp1,5,60,1000.0,10,09-05-26-164520
23,0.677819606637984,544.1207038238645,17669.641450047493,164020219685,exp1,5,60,1000.0,10,09-05-26-164520
24,0.7061309157959434,493.4785021468997,17821.362062357366,164147028164,exp1,5,60,1000.0,10,09-05-26-164520
0,0.2174631223110018,643.5710713267326,18904.721721075475,164535029872,exp1,5,60,1000.0,10,08-05-26-150457
1,0.4475261216963737,538.8835920020938,17630.92401251197,166252555811,exp1,5,60,1000.0,10,08-05-26-150457
2,0.4911263060848186,505.9395907446742,17527.102153748274,165030206281,exp1,5,60,1000.0,10,08-05-26-150457
3,0.5691456668715427,434.8601922392845,17982.760248705745,163737943469,exp1,5,60,1000.0,10,08-05-26-150457
4,0.4454517516902274,463.7124389410019,18280.26803676039,163201786022,exp1,5,60,1000.0,10,08-05-26-150457
5,0.2909880147510756,497.16621171683073,18331.77493326366,165649076569,exp1,5,60,1000.0,10,08-05-26-150457
6,0.3813767670559311,495.7509059458971,18053.659688681364,164289320823,exp1,5,60,1000.0,10,08-05-26-150457
7,0.5257759680393362,569.2276237532496,17648.53559527546,163611072527,exp1,5,60,1000.0,10,08-05-26-150457
8,0.6199677320221266,472.6914241909981,18642.04423222691,164687208100,exp1,5,60,1000.0,10,08-05-26-150457
9,0.6536570374923172,524.104742333293,18192.182084545493,164352180216,exp1,5,60,1000.0,10,08-05-26-150457
10,0.6693684695759066,531.1985881999135,17969.847734086215,165598952839,exp1,5,60,1000.0,10,08-05-26-150457
11,0.6799323909035033,562.3450595885515,17748.87115508318,164468627028,exp1,5,60,1000.0,10,08-05-26-150457
12,0.692839582052858,597.4266296252608,17799.18863158673,164965906363,exp1,5,60,1000.0,10,08-05-26-150457
13,0.7062845728334358,519.2238623276353,18438.662097789347,165067154463,exp1,5,60,1000.0,10,08-05-26-150457
14,0.697641364474493,502.38276086747646,17945.73355000466,164656158442,exp1,5,60,1000.0,10,08-05-26-150457
15,0.7029425322679779,548.3889933675528,18159.672464244068,163572743280,exp1,5,60,1000.0,10,08-05-26-150457
16,0.6051014136447449,482.9149665310979,17747.362434864044,163686410583,exp1,5,60,1000.0,10,08-05-26-150457
17,0.6007221880762139,522.7558491751552,18376.997712999582,164294863392,exp1,5,60,1000.0,10,08-05-26-150457
18,0.6768976644130301,517.3070859164,18244.498569518328,163756166054,exp1,5,60,1000.0,10,08-05-26-150457
19,0.5852028272894899,502.7631400153041,17694.20661125332,164125353765,exp1,5,60,1000.0,10,08-05-26-150457
20,0.6047556853103873,441.4743427187205,18074.67979099601,163936612032,exp1,5,60,1000.0,10,08-05-26-150457
21,0.641979102642901,501.29312090575695,18322.372573427856,164295180255,exp1,5,60,1000.0,10,08-05-26-150457
22,0.6854640442532268,487.4372025951743,18432.052227668464,163901059745,exp1,5,60,1000.0,10,08-05-26-150457
23,0.6656422864167179,483.8303299620748,18302.35301051289,164157019522,exp1,5,60,1000.0,10,08-05-26-150457
24,0.7249923171481254,499.5791390538216,19205.352212302387,164358609374,exp1,5,60,1000.0,10,08-05-26-150457
0,0.0950368776889981,588.9996169134974,3050.2447420731187,159544369469,exp1,5,400,1000.0,10,09-05-26-115432
1,0.1974877074370006,514.106254093349,2937.49687448144,160214186669,exp1,5,400,1000.0,10,09-05-26-115432
2,0.1216963736939151,498.1777928769589,2931.72867782414,160384101388,exp1,5,400,1000.0,10,09-05-26-115432
3,0.1635679164105716,449.7282886877656,2930.8365248143677,161771198527,exp1,5,400,1000.0,10,09-05-26-115432
4,0.2351336816226183,489.2196459695697,3001.2624450027943,161988154739,exp1,5,400,1000.0,10,09-05-26-115432
5,0.2556468961278426,475.392134860158,3188.0070185288787,162018166007,exp1,5,400,1000.0,10,09-05-26-115432
6,0.3184157959434542,526.7972191795707,2954.3092977255583,162637309811,exp1,5,400,1000.0,10,09-05-26-115432
7,0.3619007375537799,460.9139626845717,3050.044705159962,159112454610,exp1,5,400,1000.0,10,09-05-26-115432
8,0.3875614628149969,495.973639190197,2871.105435304344,159392519348,exp1,5,400,1000.0,10,09-05-26-115432
9,0.4314689612784265,475.3297409042716,2905.798344872892,158958519656,exp1,5,400,1000.0,10,09-05-26-115432
10,0.4523279041180086,406.9644454866648,2942.3071648925543,159423013159,exp1,5,400,1000.0,10,09-05-26-115432
11,0.4597418561770129,432.3698487132788,2880.666197277605,158517238448,exp1,5,400,1000.0,10,09-05-26-115432
12,0.4934695759065765,426.213264465332,2839.458230882883,161417537312,exp1,5,400,1000.0,10,09-05-26-115432
13,0.4846342962507682,440.4751192778349,3109.002638608217,159043087755,exp1,5,400,1000.0,10,09-05-26-115432
14,0.5277735095267363,469.9928779155016,3172.411520034075,160439242541,exp1,5,400,1000.0,10,09-05-26-115432
15,0.5233174554394592,481.99635092169046,2924.5260870084167,161523908741,exp1,5,400,1000.0,10,09-05-26-115432
16,0.506299938537185,467.72728860378265,2963.0851093679667,159516267415,exp1,5,400,1000.0,10,09-05-26-115432
17,0.5377612169637369,462.88263611495495,2821.9035333022475,159007389415,exp1,5,400,1000.0,10,09-05-26-115432
18,0.5546634910878918,515.5317336320877,3116.8032623827457,160455307470,exp1,5,400,1000.0,10,09-05-26-115432
19,0.5162876459741856,472.9942074045539,2828.8026116788387,158562795748,exp1,5,400,1000.0,10,09-05-26-115432
20,0.5369161032575291,533.4309879690409,2813.821171410382,160099684713,exp1,5,400,1000.0,10,09-05-26-115432
21,0.5184388444990781,493.0248847231269,3026.105245575309,161421305949,exp1,5,400,1000.0,10,09-05-26-115432
22,0.4978872157344806,483.8964687660337,2952.702824957669,159632383970,exp1,5,400,1000.0,10,09-05-26-115432
23,0.5102566072526121,512.9215456545353,2990.6047359108925,159266776096,exp1,5,400,1000.0,10,09-05-26-115432
24,0.5096035648432699,521.6207224875689,3135.4151647537947,162033619654,exp1,5,400,1000.0,10,09-05-26-115432
0,0.0680700676090965,641.3725279271603,3182.077226229012,163080632159,exp1,5,400,1000.0,10,10-05-26-034603
1,0.1407882606023356,556.8807162344456,2930.9052051976323,161650637063,exp1,5,400,1000.0,10,10-05-26-034603
2,0.1571911493546404,483.8766036555171,3056.259527802468,160224795071,exp1,5,400,1000.0,10,10-05-26-034603
3,0.1685233558696988,546.1003528907895,3023.847160860896,161898828297,exp1,5,400,1000.0,10,10-05-26-034603
4,0.213660110633067,513.6921517550945,3128.202775493264,161816891342,exp1,5,400,1000.0,10,10-05-26-034603
5,0.242739704978488,410.1900150999427,2853.920688852668,158946093272,exp1,5,400,1000.0,10,10-05-26-034603
6,0.2684772587584511,644.8645247146487,2866.2851341068745,161154396419,exp1,5,400,1000.0,10,10-05-26-034603
7,0.310118315918869,501.9924119114876,3026.1958660557866,159996772418,exp1,5,400,1000.0,10,10-05-26-034603
8,0.3143822987092808,426.2632885947824,3015.498616732657,158848267980,exp1,5,400,1000.0,10,10-05-26-034603
9,0.4148355869698832,504.6823564916849,3014.057873748243,159942768422,exp1,5,400,1000.0,10,10-05-26-034603
10,0.4145666871542716,511.4076472818852,3003.978569060564,161688169615,exp1,5,400,1000.0,10,10-05-26-034603
11,0.4052704363859865,526.0570645332336,3259.4450041651726,162103226658,exp1,5,400,1000.0,10,10-05-26-034603
12,0.511178549477566,523.0637602508068,2983.927887864411,158822770864,exp1,5,400,1000.0,10,10-05-26-034603
13,0.4585510141364474,517.1464988961816,2916.1481466144323,160696012258,exp1,5,400,1000.0,10,10-05-26-034603
14,0.4756453595574677,547.4588610231876,3154.5169157907367,161972061769,exp1,5,400,1000.0,10,10-05-26-034603
15,0.5232406269207129,496.6393178328872,2865.612360648811,162514133728,exp1,5,400,1000.0,10,10-05-26-034603
16,0.482098955132145,538.8144394382834,3048.708281479776,161959409592,exp1,5,400,1000.0,10,10-05-26-034603
17,0.45009987707437,558.7108256295323,2932.9272909089923,160473146671,exp1,5,400,1000.0,10,10-05-26-034603
18,0.4256299938537185,498.6550156027079,2903.0221914872527,162348397805,exp1,5,400,1000.0,10,10-05-26-034603
19,0.5186693300553166,491.11347552388906,2859.8082503303885,161227895128,exp1,5,400,1000.0,10,10-05-26-034603
20,0.4856714812538414,513.751357793808,3000.5728052929044,162179308834,exp1,5,400,1000.0,10,10-05-26-034603
21,0.5217424708051629,523.5982621088624,3040.075552649796,161190187638,exp1,5,400,1000.0,10,10-05-26-034603
22,0.547480024585126,566.2399372085929,2922.059783712029,162155215475,exp1,5,400,1000.0,10,10-05-26-034603
23,0.4446834665027658,537.2909819707274,2802.6306433603168,161022610125,exp1,5,400,1000.0,10,10-05-26-034603
24,0.4615089121081746,453.3001482486725,2895.494149066508,158776886170,exp1,5,400,1000.0,10,10-05-26-034603
0,0.0705669944683466,628.1580943614244,3381.0264645144343,159480624144,exp1,5,400,1000.0,10,11-05-26-013325
1,0.1969883220651505,512.2448122128844,3081.303579732776,159847571927,exp1,5,400,1000.0,10,11-05-26-013325
2,0.1397126613398893,486.06420122087,3013.188706710934,159714786535,exp1,5,400,1000.0,10,11-05-26-013325
3,0.1173939766441303,507.5309257954359,3169.6745827794075,161180259055,exp1,5,400,1000.0,10,11-05-26-013325
4,0.2096266133988936,511.548469774425,2960.375564172864,161244173135,exp1,5,400,1000.0,10,11-05-26-013325
5,0.2554164105716042,513.5613083839417,2975.879179313779,161082093995,exp1,5,400,1000.0,10,11-05-26-013325
6,0.2624078057775046,520.3410144895315,3088.000533170998,161737351942,exp1,5,400,1000.0,10,11-05-26-013325
7,0.3271358328211432,514.2160216346383,2958.29791855067,158598563890,exp1,5,400,1000.0,10,11-05-26-013325
8,0.3816456668715427,501.4332327991724,3051.48593429476,160175969423,exp1,5,400,1000.0,10,11-05-26-013325
9,0.3715043023970498,473.3969382941723,3076.560826972127,159028937696,exp1,5,400,1000.0,10,11-05-26-013325
10,0.406538106945298,498.9832453429699,3123.0920078232884,160815706031,exp1,5,400,1000.0,10,11-05-26-013325
11,0.4678472649047326,507.82760232687,3180.8795128017664,161286710613,exp1,5,400,1000.0,10,11-05-26-013325
12,0.4921634910878918,502.41043232381344,3168.542998842895,162628507663,exp1,5,400,1000.0,10,11-05-26-013325
13,0.4615473263675476,501.9430937245488,2957.335694693029,161202921360,exp1,5,400,1000.0,10,11-05-26-013325
14,0.5308466502765826,531.4584691077471,3105.776943266392,160193983098,exp1,5,400,1000.0,10,11-05-26-013325
15,0.5258143822987092,544.0886989235878,3204.2601611465216,160942884848,exp1,5,400,1000.0,10,11-05-26-013325
16,0.5451751690227412,497.6464342325926,2924.8521141707897,161308100378,exp1,5,400,1000.0,10,11-05-26-013325
17,0.5495928088506453,485.9653059393168,3400.966512039304,159292226466,exp1,5,400,1000.0,10,11-05-26-013325
18,0.5660341118623233,543.7696678563952,2976.305271498859,160743465222,exp1,5,400,1000.0,10,11-05-26-013325
19,0.5822449293177627,508.3891330286861,3118.242967873812,161176451129,exp1,5,400,1000.0,10,11-05-26-013325
20,0.5829363859864782,468.5090277343989,3234.627680853009,158562877522,exp1,5,400,1000.0,10,11-05-26-013325
21,0.61240012292563,475.1042937859893,3015.141705982387,159757208419,exp1,5,400,1000.0,10,11-05-26-013325
22,0.5919637369391518,475.8511940017343,3199.352122843265,158421314700,exp1,5,400,1000.0,10,11-05-26-013325
23,0.5935387215734481,511.54047809541225,3012.4440621584654,160833943505,exp1,5,400,1000.0,10,11-05-26-013325
24,0.607060540872772,496.92310858517885,2913.2236558943987,158061678819,exp1,5,400,1000.0,10,11-05-26-013325
0,0.1800092194222495,613.2142897695303,6164.857279509306,162371583493,exp1,5,190,1000.0,10,10-05-26-181748
1,0.2097802704363859,542.0321123674512,5916.087633930147,163894103650,exp1,5,190,1000.0,10,10-05-26-181748
2,0.2377842655193608,493.77396516501904,5924.263195134699,162171566958,exp1,5,190,1000.0,10,10-05-26-181748
3,0.3174554394591272,530.5036930367351,6176.052597351372,161603174621,exp1,5,190,1000.0,10,10-05-26-181748
4,0.3005531653349723,502.8118574991822,5932.022396475077,160642080385,exp1,5,190,1000.0,10,10-05-26-181748
5,0.368239090350338,428.9673957973719,5857.880654744804,162232633078,exp1,5,190,1000.0,10,10-05-26-181748
6,0.4237092808850645,494.0034886822105,5952.126572839916,160980620280,exp1,5,190,1000.0,10,10-05-26-181748
7,0.4961201598033189,491.8844224885106,6055.299419909716,160327386676,exp1,5,190,1000.0,10,10-05-26-181748
8,0.4142209588199139,507.6387943699956,6186.391815543175,161711062965,exp1,5,190,1000.0,10,10-05-26-181748
9,0.4204440688383528,522.9804534465075,5855.008498765528,161859409270,exp1,5,190,1000.0,10,10-05-26-181748
10,0.5162876459741856,500.2881418913603,5893.188558518887,162185501625,exp1,5,190,1000.0,10,10-05-26-181748
11,0.5230101413644745,501.4959676191211,5869.871726259589,160411077410,exp1,5,190,1000.0,10,10-05-26-181748
12,0.5283881376767056,450.1323718577624,5875.519460067153,159236114015,exp1,5,190,1000.0,10,10-05-26-181748
13,0.4992317148125384,517.9584510624409,5965.995064936578,162588650017,exp1,5,190,1000.0,10,10-05-26-181748
14,0.5082590657652121,488.29878587275743,5808.123826980591,161948049608,exp1,5,190,1000.0,10,10-05-26-181748
15,0.4371158574062692,502.0011579617858,6223.678238689899,162586289128,exp1,5,190,1000.0,10,10-05-26-181748
16,0.4450291948371235,527.7216183021665,5943.134592846036,162389474595,exp1,5,190,1000.0,10,10-05-26-181748
17,0.4037338660110633,495.45334093272686,6297.416558489203,162557185402,exp1,5,190,1000.0,10,10-05-26-181748
18,0.3496081745543946,470.9432292729616,5741.063363850117,159380322797,exp1,5,190,1000.0,10,10-05-26-181748
19,0.4033113091579594,531.7870546132326,5829.837870784104,161531207406,exp1,5,190,1000.0,10,10-05-26-181748
20,0.421519668100799,485.3353798389435,5917.901988141239,160975160540,exp1,5,190,1000.0,10,10-05-26-181748
21,0.511639520590043,481.1518006026745,6014.27766866982,161628632731,exp1,5,190,1000.0,10,10-05-26-181748
22,0.5928088506453596,516.5376113727689,5822.826380841434,162147425097,exp1,5,190,1000.0,10,10-05-26-181748
23,0.5994545175169023,484.7383992746472,5947.33823556453,162077465972,exp1,5,190,1000.0,10,10-05-26-181748
24,0.6248847572218807,484.969636425376,5975.288516841829,161238861262,exp1,5,190,1000.0,10,10-05-26-181748
0,0.1205823601720958,631.6636744886637,6680.612905882299,162129378065,exp1,5,190,1000.0,10,09-05-26-213720
1,0.1692532267977873,541.7163921520114,5892.633491195738,161494379999,exp1,5,190,1000.0,10,09-05-26-213720
2,0.2639059618930547,495.22828683257103,5907.061452046037,158877788938,exp1,5,190,1000.0,10,09-05-26-213720
3,0.3407728948985863,514.3020888790488,6195.449857972562,160033836863,exp1,5,190,1000.0,10,09-05-26-213720
4,0.3888675476336816,519.677652977407,5978.989124298096,161542046556,exp1,5,190,1000.0,10,09-05-26-213720
5,0.4651966810079901,480.0721704959869,6254.040172323585,161456010337,exp1,5,190,1000.0,10,09-05-26-213720
6,0.4430316533497234,459.85104981809855,5725.462472066283,163103302880,exp1,5,190,1000.0,10,09-05-26-213720
7,0.4944299323909035,505.7092774659395,6057.38275591284,161841851226,exp1,5,190,1000.0,10,09-05-26-213720
8,0.4789489858635525,473.0119537562132,6061.336224898696,160322472634,exp1,5,190,1000.0,10,09-05-26-213720
9,0.5702212661339889,484.60137099027634,5598.011965863407,159686077595,exp1,5,190,1000.0,10,09-05-26-213720
10,0.5603103872157345,538.4470308199525,6148.530752398074,161129805159,exp1,5,190,1000.0,10,09-05-26-213720
11,0.5908497234173326,516.3018172606826,5997.723760083318,159072811286,exp1,5,190,1000.0,10,09-05-26-213720
12,0.5897357098955132,496.5332895517349,5929.596086032689,160064426199,exp1,5,190,1000.0,10,09-05-26-213720
13,0.5981868469575906,510.9930383041501,5904.019513167441,160610985146,exp1,5,190,1000.0,10,09-05-26-213720
14,0.6266133988936693,537.3776592314243,5744.612575508654,158817824464,exp1,5,190,1000.0,10,09-05-26-213720
15,0.5989167178856791,554.4442655518651,5741.013245657086,161213903434,exp1,5,190,1000.0,10,09-05-26-213720
16,0.5281576521204672,474.424360319972,6254.146620631218,161181149968,exp1,5,190,1000.0,10,09-05-26-213720
17,0.3811462814996927,537.6247027888894,6377.468761056662,160254030136,exp1,5,190,1000.0,10,09-05-26-213720
18,0.3331668715427167,486.2395999953151,5655.63996322453,160321583086,exp1,5,190,1000.0,10,09-05-26-213720
19,0.2975184388444991,519.2892607301474,5844.441181980073,159802703336,exp1,5,190,1000.0,10,09-05-26-213720
20,0.2804240934234788,470.6674190238118,5764.226423576474,159726055049,exp1,5,190,1000.0,10,09-05-26-213720
21,0.3564074984634296,514.9023244157434,5908.309215679765,159337983383,exp1,5,190,1000.0,10,09-05-26-213720
22,0.4227489244007376,498.81334882229567,5947.924776002765,159296328657,exp1,5,190,1000.0,10,09-05-26-213720
23,0.4607022126613398,538.1104899570346,6066.539284773171,162147466823,exp1,5,190,1000.0,10,09-05-26-213720
24,0.5547403196066379,519.713276065886,6059.021702967584,160333737832,exp1,5,190,1000.0,10,09-05-26-213720
0,0.1087891825445605,594.9195111170411,6217.117539606988,161277562903,exp1,5,190,1000.0,10,08-05-26-195705
1,0.1853488014751075,514.2833637073636,6201.862462796271,161662671564,exp1,5,190,1000.0,10,08-05-26-195705
2,0.2533036263060848,499.5663799345493,6257.005534134805,159718855352,exp1,5,190,1000.0,10,08-05-26-195705
3,0.3161109403810694,549.6459044516087,5829.887988977134,163077166932,exp1,5,190,1000.0,10,08-05-26-195705
4,0.3907114320835894,540.7893871888518,6140.134681016207,161341387085,exp1,5,190,1000.0,10,08-05-26-195705
5,0.4300092194222495,500.75465720146894,5969.134716317058,163214669929,exp1,5,190,1000.0,10,08-05-26-195705
6,0.4541333743085433,464.5000295713544,5887.146574445069,161399858141,exp1,5,190,1000.0,10,08-05-26-195705
7,0.4779118008604794,543.8758125528693,5822.842065244913,162922369373,exp1,5,190,1000.0,10,08-05-26-195705
8,0.5101029502151199,509.8366057500243,5956.49744104594,160679122420,exp1,5,190,1000.0,10,08-05-26-195705
9,0.4755685310387216,530.8178523555398,6078.58042884618,159846689343,exp1,5,190,1000.0,10,08-05-26-195705
10,0.5045712968653965,517.9599300026894,5920.562414452434,159870502468,exp1,5,190,1000.0,10,08-05-26-195705
11,0.4746081745543946,482.2591179981828,6046.398460865021,159103120525,exp1,5,190,1000.0,10,08-05-26-195705
12,0.3789566687154271,505.2753817290068,5882.287161424756,159942760234,exp1,5,190,1000.0,10,08-05-26-195705
13,0.3156499692685925,528.6966534331441,5869.937996380031,161679066193,exp1,5,190,1000.0,10,08-05-26-195705
14,0.3121926859250153,490.9094199538231,5886.93552929908,159204050255,exp1,5,190,1000.0,10,08-05-26-195705
15,0.3326290719114935,536.3169927150011,5697.095853276551,160796277933,exp1,5,190,1000.0,10,08-05-26-195705
16,0.3587507682851875,525.199756026268,5763.658657670021,160878680357,exp1,5,190,1000.0,10,08-05-26-195705
17,0.4150660725261217,445.8440821617842,5859.286705963314,159050042227,exp1,5,190,1000.0,10,08-05-26-195705
18,0.5076444376152428,460.8629113063216,5781.516887247562,161695902425,exp1,5,190,1000.0,10,08-05-26-195705
19,0.5618853718500307,447.1566565334797,5988.18626627326,161774204382,exp1,5,190,1000.0,10,08-05-26-195705
20,0.57509987707437,504.738018848002,5855.907071381807,161130156043,exp1,5,190,1000.0,10,08-05-26-195705
21,0.6082513829133375,528.2507603988051,6074.178716167808,161944945014,exp1,5,190,1000.0,10,08-05-26-195705
22,0.6072526121696373,514.5312771201134,6233.004406094551,162155953116,exp1,5,190,1000.0,10,08-05-26-195705
23,0.6280731407498463,506.1800954863429,5947.770560160279,159200944997,exp1,5,190,1000.0,10,08-05-26-195705
24,0.6205439459127228,470.3479893505573,6165.983327664435,161785889721,exp1,5,190,1000.0,10,08-05-26-195705
0,0.1004148740012292,568.1835673749447,4121.008155867457,161346651847,exp1,5,300,1000.0,10,10-05-26-215608
1,0.1668331284572833,487.3206363990903,4052.339551970362,162014343507,exp1,5,300,1000.0,10,10-05-26-215608
2,0.1276121696373694,487.873699516058,4112.851403653622,160536228420,exp1,5,300,1000.0,10,10-05-26-215608
3,0.2379379225568531,486.9729271158576,3970.9802009165287,161303934785,exp1,5,300,1000.0,10,10-05-26-215608
4,0.2564920098340504,455.34573122859,3842.589949257672,160702542007,exp1,5,300,1000.0,10,10-05-26-215608
5,0.3070067609096497,513.7997018173337,4115.144053474069,161914609347,exp1,5,300,1000.0,10,10-05-26-215608
6,0.3744237861094038,473.1625998392701,4112.513368017972,159414499077,exp1,5,300,1000.0,10,10-05-26-215608
7,0.3469960049170252,510.6621040031314,4020.676796324551,160075215560,exp1,5,300,1000.0,10,10-05-26-215608
8,0.3563306699446835,427.8265256434679,3961.07894461602,160023930959,exp1,5,300,1000.0,10,10-05-26-215608
9,0.4759526736324523,444.8941359296441,4169.588723219931,158697078210,exp1,5,300,1000.0,10,10-05-26-215608
10,0.4814074984634296,491.349115036428,3837.580190040171,161401385901,exp1,5,300,1000.0,10,10-05-26-215608
11,0.4604333128457283,466.2061566486954,3805.29132205993,161825204690,exp1,5,300,1000.0,10,10-05-26-215608
12,0.4902427781192379,504.0831184014678,4004.137991927564,158948788605,exp1,5,300,1000.0,10,10-05-26-215608
13,0.5245467117393977,476.7571249976754,4161.453698761761,159709366089,exp1,5,300,1000.0,10,10-05-26-215608
14,0.537338660110633,532.4650211259723,4035.5611788108954,160102332199,exp1,5,300,1000.0,10,10-05-26-215608
15,0.5657652120467117,424.1433134302497,3992.467391304672,159835366201,exp1,5,300,1000.0,10,10-05-26-215608
16,0.5496312231100184,447.7689731866121,4153.392220847309,159699330777,exp1,5,300,1000.0,10,10-05-26-215608
17,0.5707974800245851,551.1840218678117,3870.912172831595,159524442466,exp1,5,300,1000.0,10,10-05-26-215608
18,0.5545098340503996,517.3462331295013,4114.990641362965,161365231436,exp1,5,300,1000.0,10,10-05-26-215608
19,0.5092578365089121,487.36165557056665,3765.048992820084,159587812325,exp1,5,300,1000.0,10,10-05-26-215608
20,0.583358942839582,490.80656562000513,3803.033445030451,160203744010,exp1,5,300,1000.0,10,10-05-26-215608
21,0.5376843884449908,507.1537047624588,3763.80960829556,161839980121,exp1,5,300,1000.0,10,10-05-26-215608
22,0.5024969268592502,536.850243806839,4202.260483987629,160978702779,exp1,5,300,1000.0,10,10-05-26-215608
23,0.5242393976644131,533.8102551177144,3992.5185861065984,161620067801,exp1,5,300,1000.0,10,10-05-26-215608
24,0.5009987707437,512.5718712806702,4077.325630001724,162193143115,exp1,5,300,1000.0,10,10-05-26-215608
0,0.1371773202212661,675.9375361725688,8262.84876279533,162210063715,exp1,5,150,1000.0,10,09-05-26-202436
1,0.2045559311616472,524.1905758157372,7664.465228095651,161772529885,exp1,5,150,1000.0,10,09-05-26-202436
2,0.3032037492317148,513.2277654483914,7644.794371910393,161810990866,exp1,5,150,1000.0,10,09-05-26-202436
3,0.3477642901044868,505.2934680134058,7937.533740885556,163084665071,exp1,5,150,1000.0,10,09-05-26-202436
4,0.4340427166564228,484.1455994173885,8030.842438340187,158928393200,exp1,5,150,1000.0,10,09-05-26-202436
5,0.4961969883220651,474.3340136483312,7436.4641243591905,160008540636,exp1,5,150,1000.0,10,09-05-26-202436
6,0.5469038106945298,542.564389295876,7249.839679338038,162072969780,exp1,5,150,1000.0,10,09-05-26-202436
7,0.471419791026429,461.80893294513226,7421.485557220876,159137133361,exp1,5,150,1000.0,10,09-05-26-202436
8,0.4505224339274739,418.90424583107233,7708.320591598749,160116151014,exp1,5,150,1000.0,10,09-05-26-202436
9,0.4824830977258758,458.49841833114624,7376.187903806567,159602250361,exp1,5,150,1000.0,10,09-05-26-202436
10,0.4139904732636755,446.8414671719074,7978.131176903844,161835048707,exp1,5,150,1000.0,10,09-05-26-202436
11,0.4592424708051629,513.5878548026085,7627.787307836115,158930886323,exp1,5,150,1000.0,10,09-05-26-202436
12,0.4529041180086048,493.06223075836897,7394.828766584396,160189409677,exp1,5,150,1000.0,10,09-05-26-202436
13,0.456899200983405,496.2656460702419,7895.401974208653,161132494360,exp1,5,150,1000.0,10,09-05-26-202436
14,0.4167562999385372,512.7773704007268,7461.102535016835,159532819530,exp1,5,150,1000.0,10,09-05-26-202436
15,0.4937384757221881,427.5442007929087,7438.368062488735,159143264537,exp1,5,150,1000.0,10,09-05-26-202436
16,0.5527043638598648,484.0674391016364,7845.65306827426,160905249010,exp1,5,150,1000.0,10,09-05-26-202436
17,0.5999154886293793,469.1677466034889,7723.78027997911,161393132777,exp1,5,150,1000.0,10,09-05-26-202436
18,0.6311462814996927,468.59525982290506,7501.255126670003,159997479821,exp1,5,150,1000.0,10,09-05-26-202436
19,0.6344883220651506,523.941139690578,7907.5955199077725,161039901890,exp1,5,150,1000.0,10,09-05-26-202436
20,0.6749769514443762,486.9246883317828,7404.494503512979,163184647399,exp1,5,150,1000.0,10,09-05-26-202436
21,0.6488168408113092,544.5494297891855,7650.408326648176,163629462522,exp1,5,150,1000.0,10,09-05-26-202436
22,0.6266902274124155,411.8664534762502,7810.301314108074,159403544479,exp1,5,150,1000.0,10,09-05-26-202436
23,0.6659111862323295,510.3952642530203,7412.837485782802,162144971922,exp1,5,150,1000.0,10,09-05-26-202436
24,0.6829287031346035,505.256999284029,8000.421889126301,162984954484,exp1,5,150,1000.0,10,09-05-26-202436
0,0.1712507682851874,603.6060340702534,7919.60958018899,162766049312,exp1,5,150,1000.0,10,08-05-26-184420
1,0.1825061462814997,548.3308397233486,7176.241767592728,161096626036,exp1,5,150,1000.0,10,08-05-26-184420
2,0.3075829748002459,449.6221411973238,7283.062390983105,162904830547,exp1,5,150,1000.0,10,08-05-26-184420
3,0.4396896127842655,486.87287513166666,7664.141740649939,162556169696,exp1,5,150,1000.0,10,08-05-26-184420
4,0.481599569760295,554.4240111485124,7390.099829994142,162196447935,exp1,5,150,1000.0,10,08-05-26-184420
5,0.5170559311616472,540.3441274538636,7538.407740183175,162504878671,exp1,5,150,1000.0,10,08-05-26-184420
6,0.531999078057775,537.7549277618527,7678.19553706795,163241143008,exp1,5,150,1000.0,10,08-05-26-184420
7,0.4642747387830362,495.4733671620488,7252.999467775226,162042827548,exp1,5,150,1000.0,10,08-05-26-184420
8,0.5329210202827289,451.8367229029536,7209.661765024066,161003480755,exp1,5,150,1000.0,10,08-05-26-184420
9,0.4790258143822987,502.4906881153584,7547.275559045374,161697277357,exp1,5,150,1000.0,10,08-05-26-184420
10,0.5078365089121082,486.7625003680587,7592.712850309908,162413215915,exp1,5,150,1000.0,10,08-05-26-184420
11,0.4477181929932391,428.7398140877485,7399.461795575917,162332954716,exp1,5,150,1000.0,10,08-05-26-184420
12,0.4857867240319606,541.2771357223392,7811.456893570721,161498386439,exp1,5,150,1000.0,10,08-05-26-184420
13,0.4020436385986478,519.1545132547617,7476.6943054273725,162178158020,exp1,5,150,1000.0,10,08-05-26-184420
14,0.3784188690842041,476.5243139117956,7494.965489953756,162875509259,exp1,5,150,1000.0,10,08-05-26-184420
15,0.4095728334357713,567.2994079068303,7649.291099049151,161942126052,exp1,5,150,1000.0,10,08-05-26-184420
16,0.4402274124154886,554.5996697619557,7216.160887852311,161519913553,exp1,5,150,1000.0,10,08-05-26-184420
17,0.5344191763982791,457.78809674084187,7245.191612280905,162224588524,exp1,5,150,1000.0,10,08-05-26-184420
18,0.6037185003073141,523.5283728688955,7229.813794605434,161419003434,exp1,5,150,1000.0,10,08-05-26-184420
19,0.6065611555009219,476.9939249381423,7414.220103062689,161141809055,exp1,5,150,1000.0,10,08-05-26-184420
20,0.6377919483712354,503.801429644227,7468.2524260133505,162715633824,exp1,5,150,1000.0,10,08-05-26-184420
21,0.6538106945298094,492.8681757301092,7299.261230975389,160958452123,exp1,5,150,1000.0,10,08-05-26-184420
22,0.6677550706822373,491.63053277879953,7152.97092590481,159941335108,exp1,5,150,1000.0,10,08-05-26-184420
23,0.6660264290104487,494.5686189457774,7476.017824374139,160216529839,exp1,5,150,1000.0,10,08-05-26-184420
24,0.6809311616472035,459.7464706748724,7060.531064867973,160454275750,exp1,5,150,1000.0,10,08-05-26-184420
0,0.1610709895513214,633.9528448879719,7921.269380487502,161586501246,exp1,5,150,1000.0,10,10-05-26-170501
1,0.2390135218192993,472.7475475519896,7129.432684741914,162980741468,exp1,5,150,1000.0,10,10-05-26-170501
2,0.3102719729563614,494.7626916691661,7565.724360756576,161250494122,exp1,5,150,1000.0,10,10-05-26-170501
3,0.3762292562999385,497.9590782895684,7421.3429344818,159979174666,exp1,5,150,1000.0,10,10-05-26-170501
4,0.4671558082360172,533.4488013759255,7228.598790243268,161531918767,exp1,5,150,1000.0,10,10-05-26-170501
5,0.5044176398279041,429.8744043335319,7182.57396761328,158730855411,exp1,5,150,1000.0,10,10-05-26-170501
6,0.5444837123540258,487.2375354170799,7329.468948766589,159669294189,exp1,5,150,1000.0,10,10-05-26-170501
7,0.5327673632452367,526.0883159935474,7387.669574469328,159342938896,exp1,5,150,1000.0,10,10-05-26-170501
8,0.569299323909035,533.296431414783,7312.058076262474,161588500135,exp1,5,150,1000.0,10,10-05-26-170501
9,0.5963045482483098,524.4147079065442,7020.638590678573,159657037743,exp1,5,150,1000.0,10,10-05-26-170501
10,0.6345267363245236,427.76616010814905,7354.991665109992,161458761974,exp1,5,150,1000.0,10,10-05-26-170501
11,0.6136293792255685,502.1312702447176,7586.182534694672,162338079299,exp1,5,150,1000.0,10,10-05-26-170501
12,0.6147818070067609,431.4786680042744,7829.489204101264,162003294209,exp1,5,150,1000.0,10,10-05-26-170501
13,0.5979947756607252,479.2500752955675,7943.769468925893,162471266398,exp1,5,150,1000.0,10,10-05-26-170501
14,0.5078365089121082,478.2871576026082,7807.743081822991,161043185071,exp1,5,150,1000.0,10,10-05-26-170501
15,0.3773816840811309,508.2897981628776,7508.467867039144,161091423351,exp1,5,150,1000.0,10,10-05-26-170501
16,0.2734711124769514,541.6925391182303,7078.1790763139725,159809081322,exp1,5,150,1000.0,10,10-05-26-170501
17,0.3185694529809465,519.8815688490868,7506.220302544534,161651968743,exp1,5,150,1000.0,10,10-05-26-170501
18,0.3677012907191149,489.94035832583904,7302.853530272841,161297546250,exp1,5,150,1000.0,10,10-05-26-170501
19,0.4209434542102028,435.46850234270096,7932.122834958136,160587399916,exp1,5,150,1000.0,10,10-05-26-170501
20,0.5694913952059004,519.9386738240719,7206.857957877219,162696062138,exp1,5,150,1000.0,10,10-05-26-170501
21,0.5938076213890596,480.336980894208,7706.900152377784,161327190164,exp1,5,150,1000.0,10,10-05-26-170501
22,0.5857022126613399,472.5122265517712,7406.376097351313,159519490360,exp1,5,150,1000.0,10,10-05-26-170501
23,0.6201982175783651,529.3237445876002,7131.059336476028,162092880033,exp1,5,150,1000.0,10,10-05-26-170501
24,0.62549938537185,511.20124850422144,7387.258054688573,161924656690,exp1,5,150,1000.0,10,10-05-26-170501
0,0.1453211432083589,598.3460182324052,5358.221934176981,161001317012,exp1,5,230,1000.0,10,09-05-26-225009
1,0.1548478795328826,526.7486972734332,4671.031566336751,162481724685,exp1,5,230,1000.0,10,09-05-26-225009
2,0.2110863552550707,510.664033703506,4960.536774247885,160858598218,exp1,5,230,1000.0,10,09-05-26-225009
3,0.2564535955746773,506.8886941298842,5008.32072366029,161626461383,exp1,5,230,1000.0,10,09-05-26-225009
4,0.3671634910878918,504.0080333128572,5179.168988019228,159650073934,exp1,5,230,1000.0,10,09-05-26-225009
5,0.4505608481868469,511.9320936501026,4936.977665871382,160256537498,exp1,5,230,1000.0,10,09-05-26-225009
6,0.4665027658266749,494.5417707785964,5060.855993069708,160976795265,exp1,5,230,1000.0,10,09-05-26-225009
7,0.5202059004302397,536.4819290116429,4953.457915224135,159479904564,exp1,5,230,1000.0,10,09-05-26-225009
8,0.5442916410571604,456.3403055071831,5139.553624205291,158975559174,exp1,5,230,1000.0,10,09-05-26-225009
9,0.5671865396435156,500.8259983733296,4890.534196048975,161049692028,exp1,5,230,1000.0,10,09-05-26-225009
10,0.5536647203441918,512.4622918665409,5116.452915593982,162876797485,exp1,5,230,1000.0,10,09-05-26-225009
11,0.5435617701290719,524.6584760025144,5005.582200363278,162509129766,exp1,5,230,1000.0,10,09-05-26-225009
12,0.5587738168408113,536.9997248053551,5047.787475399673,163017102065,exp1,5,230,1000.0,10,09-05-26-225009
13,0.6022587584511371,535.1102016866207,5000.378146767616,159807419058,exp1,5,230,1000.0,10,09-05-26-225009
14,0.6094422249539029,508.7237833067775,4917.748449370265,161781662819,exp1,5,230,1000.0,10,09-05-26-225009
15,0.6309157959434543,475.6215661764145,4967.431700788438,161443372028,exp1,5,230,1000.0,10,09-05-26-225009
16,0.6446681007990166,452.28452514857054,5079.090313054621,161290996099,exp1,5,230,1000.0,10,09-05-26-225009
17,0.6344883220651506,515.8288460224867,5113.89219854027,162535744472,exp1,5,230,1000.0,10,09-05-26-225009
18,0.6315688383527965,560.7601357623935,5218.201137147844,162267810419,exp1,5,230,1000.0,10,09-05-26-225009
19,0.6068300553165334,541.4032842963934,5068.077784962952,160306523783,exp1,5,230,1000.0,10,09-05-26-225009
20,0.6125921942224954,554.9807082861662,5429.70784753561,161344971264,exp1,5,230,1000.0,10,09-05-26-225009
21,0.5674170251997541,518.4259153902531,5214.672051370144,160810057952,exp1,5,230,1000.0,10,09-05-26-225009
22,0.392478488014751,535.3291407227516,5095.588950440288,162078385213,exp1,5,230,1000.0,10,09-05-26-225009
23,0.3637830362630608,540.6898176297545,4988.209162838757,161594542814,exp1,5,230,1000.0,10,09-05-26-225009
24,0.2400891210817455,549.1313496604562,5192.591419443488,161904753110,exp1,5,230,1000.0,10,09-05-26-225009
0,0.1167025199754148,628.4926887601614,5142.096411436796,162505585088,exp1,5,230,1000.0,10,08-05-26-210948
1,0.1528119237861094,542.2623716294765,5008.5446536540985,164847139366,exp1,5,230,1000.0,10,08-05-26-210948
2,0.2158113091579594,471.330557949841,4845.069223083556,160224972825,exp1,5,230,1000.0,10,08-05-26-210948
3,0.2874923171481254,479.2619477957487,5291.950721293688,160038470675,exp1,5,230,1000.0,10,08-05-26-210948
4,0.3254840196681008,520.140552893281,5184.082514606416,161211523652,exp1,5,230,1000.0,10,08-05-26-210948
5,0.3851413644744929,529.0965428575873,4850.37169419229,159444172662,exp1,5,230,1000.0,10,08-05-26-210948
6,0.4444145666871543,481.1024637892842,4887.9273338243365,160253000433,exp1,5,230,1000.0,10,08-05-26-210948
7,0.498079287031346,482.28299897164106,5035.21525580436,159916071289,exp1,5,230,1000.0,10,08-05-26-210948
8,0.4886293792255685,520.1240899041295,4988.3754812181,161629378346,exp1,5,230,1000.0,10,08-05-26-210948
9,0.5647280270436386,498.0761837214232,4870.222547091544,159433425668,exp1,5,230,1000.0,10,08-05-26-210948
10,0.5711432083589428,445.355704985559,4792.93836094439,159423245664,exp1,5,230,1000.0,10,08-05-26-210948
11,0.5398740012292563,489.9561684578657,5075.067348778248,160934939628,exp1,5,230,1000.0,10,08-05-26-210948
12,0.5607713583282115,507.0440480485559,4837.956159375608,159887674945,exp1,5,230,1000.0,10,08-05-26-210948
13,0.5744852489244008,493.5060618445277,5208.869135007262,163046647161,exp1,5,230,1000.0,10,08-05-26-210948
14,0.491279963122311,495.3356664627791,5136.328108608723,162925063364,exp1,5,230,1000.0,10,08-05-26-210948
15,0.5480178242163491,467.08700992167,4698.591249063611,162519878711,exp1,5,230,1000.0,10,08-05-26-210948
16,0.5122157344806392,495.1794948428869,4936.339630745351,159973303172,exp1,5,230,1000.0,10,08-05-26-210948
17,0.5216656422864168,501.0849935933948,4815.604882314801,159808963166,exp1,5,230,1000.0,10,08-05-26-210948
18,0.4199446834665027,521.9228668138385,4702.392437495291,161578125731,exp1,5,230,1000.0,10,08-05-26-210948
19,0.3487246465888137,493.73545218259096,4834.947203285992,161279967202,exp1,5,230,1000.0,10,08-05-26-210948
20,0.3182621389059619,536.6304004564881,4959.796414710581,161769574340,exp1,5,230,1000.0,10,08-05-26-210948
21,0.3169560540872772,526.7629139125347,4946.754708886147,163057547572,exp1,5,230,1000.0,10,08-05-26-210948
22,0.3124615857406269,516.2584846839309,5169.741498306394,162312018988,exp1,5,230,1000.0,10,08-05-26-210948
23,0.3349723417332513,510.2696297690272,4782.961239106953,159548543364,exp1,5,230,1000.0,10,08-05-26-210948
24,0.4845574677320221,449.54556692391634,4912.415689788759,160518223210,exp1,5,230,1000.0,10,08-05-26-210948
0,0.1040258143822987,657.713470980525,5175.115532241762,161910307726,exp1,5,230,1000.0,10,10-05-26-193034
1,0.1793561770129071,633.6510917171836,4683.983727358282,162030372680,exp1,5,230,1000.0,10,10-05-26-193034
2,0.183658574062692,513.8853676617146,4940.221044234932,160215790185,exp1,5,230,1000.0,10,10-05-26-193034
3,0.2647510755992624,463.800105266273,4836.637661792338,162381046232,exp1,5,230,1000.0,10,10-05-26-193034
4,0.3257529194837124,462.3802984133363,4908.150163479149,160676897901,exp1,5,230,1000.0,10,10-05-26-193034
5,0.3582513829133374,460.3136396035552,4845.6932213157415,159439417538,exp1,5,230,1000.0,10,10-05-26-193034
6,0.3825291948371235,522.9118382558227,4980.604665353894,161032038522,exp1,5,230,1000.0,10,10-05-26-193034
7,0.4785648432698217,467.8247198462486,4977.585508488119,162343434535,exp1,5,230,1000.0,10,10-05-26-193034
8,0.4776813153042409,511.5612577646971,4717.710634693503,162401660563,exp1,5,230,1000.0,10,10-05-26-193034
9,0.4370774431468961,554.7405239194632,4996.697468683124,164051201190,exp1,5,230,1000.0,10,10-05-26-193034
10,0.5082974800245851,511.6556417196989,4967.769839800894,161728325910,exp1,5,230,1000.0,10,10-05-26-193034
11,0.4778349723417333,510.9572587534785,5001.473632641137,162119145061,exp1,5,230,1000.0,10,10-05-26-193034
12,0.4526352181929932,523.5725669190288,5269.584606401622,161744250249,exp1,5,230,1000.0,10,10-05-26-193034
13,0.4537876459741856,537.3923042789102,4941.53443723917,162450744742,exp1,5,230,1000.0,10,10-05-26-193034
14,0.4368469575906576,396.3436586782336,4989.278335124254,162184542259,exp1,5,230,1000.0,10,10-05-26-193034
15,0.4607022126613398,474.62991904467344,4959.302784875035,160944327054,exp1,5,230,1000.0,10,10-05-26-193034
16,0.4456054087277197,452.0381158217788,4770.854244939983,161959287580,exp1,5,230,1000.0,10,10-05-26-193034
17,0.4360402581438229,419.84330397099257,5329.509279690683,161297476989,exp1,5,230,1000.0,10,10-05-26-193034
18,0.3970497848801475,503.5877116024494,5030.743644572794,162591156822,exp1,5,230,1000.0,10,10-05-26-193034
19,0.4674631223110018,511.3290986046195,4865.246410481632,161135477613,exp1,5,230,1000.0,10,10-05-26-193034
20,0.4333128457283343,464.5277475938201,4800.503605045378,161273779937,exp1,5,230,1000.0,10,10-05-26-193034
21,0.4335817455439459,461.4849956706166,4822.400353848934,157748021878,exp1,5,230,1000.0,10,10-05-26-193034
22,0.4606637984019668,564.05049841851,5069.173259660602,161440241955,exp1,5,230,1000.0,10,10-05-26-193034
23,0.5218577135832821,478.7076320499182,4895.654499530792,161466550508,exp1,5,230,1000.0,10,10-05-26-193034
24,0.5769821757836509,468.8064167276025,4867.29758232832,160109705067,exp1,5,230,1000.0,10,10-05-26-193034
0,0.1527350952673632,663.6384073644876,12998.080104589462,163292685285,exp1,5,90,1000.0,10,10-05-26-150011
1,0.2666333743085433,509.1910837218165,12786.64033766836,162967082115,exp1,5,90,1000.0,10,10-05-26-150011
2,0.426859250153657,492.904644459486,12069.098088890314,162345055339,exp1,5,90,1000.0,10,10-05-26-150011
3,0.4934695759065765,516.2630397826433,11900.177791714668,163123398965,exp1,5,90,1000.0,10,10-05-26-150011
4,0.3804548248309772,508.02253745496273,12142.548184841871,164197690977,exp1,5,90,1000.0,10,10-05-26-150011
5,0.2743930547019053,430.2618559449911,12284.71719287336,162055781377,exp1,5,90,1000.0,10,10-05-26-150011
6,0.3858712354025814,512.1498554944992,11730.471897870302,165091295266,exp1,5,90,1000.0,10,10-05-26-150011
7,0.4534035033804548,474.68235436826944,11874.993991106749,163513895957,exp1,5,90,1000.0,10,10-05-26-150011
8,0.5108712354025814,487.3862722888589,11820.230718702078,162033287324,exp1,5,90,1000.0,10,10-05-26-150011
9,0.5737937922556853,499.7283965349197,11955.992743372915,162526233781,exp1,5,90,1000.0,10,10-05-26-150011
10,0.6263829133374309,549.4672171771526,12149.579567834737,163482225391,exp1,5,90,1000.0,10,10-05-26-150011
11,0.6332974800245851,523.6772848293185,12451.955051161349,160765987734,exp1,5,90,1000.0,10,10-05-26-150011
12,0.6679855562384758,548.2158130034804,12168.07513590902,163592411100,exp1,5,90,1000.0,10,10-05-26-150011
13,0.6829287031346035,516.8168377131224,11771.558222360907,163602258585,exp1,5,90,1000.0,10,10-05-26-150011
14,0.6867317148125384,509.70558915287256,11926.72079615295,163863920571,exp1,5,90,1000.0,10,10-05-26-150011
15,0.7007145052243393,512.1294734999537,11740.899621509016,161787589772,exp1,5,90,1000.0,10,10-05-26-150011
16,0.7005608481868469,455.78028820455074,12756.752701476216,162803689268,exp1,5,90,1000.0,10,10-05-26-150011
0,0.1484711124769514,614.933573640883,13201.855170540512,161248214796,exp1,5,90,1000.0,10,09-05-26-175908
1,0.3262523048555624,530.1031759008765,12133.142531849444,164093374375,exp1,5,90,1000.0,10,09-05-26-175908
2,0.4797172710510141,527.1467650309205,11439.221299253404,162473593834,exp1,5,90,1000.0,10,09-05-26-175908
3,0.5227412415488629,536.4421792328358,11699.246573261917,162817470317,exp1,5,90,1000.0,10,09-05-26-175908
4,0.5648048555623848,423.418483696878,12606.841984204948,161916151316,exp1,5,90,1000.0,10,09-05-26-175908
5,0.5827059004302397,533.4756597876549,12206.936142407358,162212785307,exp1,5,90,1000.0,10,09-05-26-175908
6,0.5769053472649047,489.4165759906173,12305.017177015545,163024586386,exp1,5,90,1000.0,10,09-05-26-175908
7,0.6204287031346035,492.65654385089874,11600.511642172933,161871286106,exp1,5,90,1000.0,10,09-05-26-175908
8,0.598839889366933,502.2103851661086,12334.518917836249,164002094604,exp1,5,90,1000.0,10,09-05-26-175908
9,0.3764213275968039,527.90816873312,11605.246169492602,162046372040,exp1,5,90,1000.0,10,09-05-26-175908
10,0.28829901659496,462.3494669795036,12383.18244740367,160600195601,exp1,5,90,1000.0,10,09-05-26-175908
11,0.3392747387830362,517.8010165691376,12451.842805370688,162695753847,exp1,5,90,1000.0,10,09-05-26-175908
12,0.4950829748002459,507.2833290323615,12379.90775424987,162459382223,exp1,5,90,1000.0,10,09-05-26-175908
13,0.5880838967424709,505.2785575389862,11776.595132425427,163876572171,exp1,5,90,1000.0,10,09-05-26-175908
14,0.6117086662569146,539.515720680356,11901.719134300947,161633265435,exp1,5,90,1000.0,10,09-05-26-175908
15,0.6247695144437615,519.7384022176266,12380.336111411452,164372183700,exp1,5,90,1000.0,10,09-05-26-175908
16,0.6347572218807621,480.31327966600657,11785.616567358376,163354577093,exp1,5,90,1000.0,10,09-05-26-175908
17,0.6429778733866011,509.5027759671211,12624.579302035272,162570569683,exp1,5,90,1000.0,10,09-05-26-175908
18,0.6764366933005531,496.979121118784,13217.46846754104,162773060498,exp1,5,90,1000.0,10,09-05-26-175908
19,0.6748232944068838,483.1679379567504,13148.963299579918,163157675440,exp1,5,90,1000.0,10,09-05-26-175908
20,0.6785494775660725,477.2620536386967,12318.09622887522,162746657159,exp1,5,90,1000.0,10,09-05-26-175908
21,0.6829287031346035,526.7596449702978,12189.57252241671,162130886110,exp1,5,90,1000.0,10,09-05-26-175908
22,0.7135448678549478,497.7966118603945,11943.805996328592,163477744269,exp1,5,90,1000.0,10,09-05-26-175908
23,0.704978488014751,503.4647602587938,12568.461621180177,163900091220,exp1,5,90,1000.0,10,09-05-26-175908
24,0.7049016594960049,509.43710561841726,11681.085156276822,161886944044,exp1,5,90,1000.0,10,09-05-26-175908
0,0.1588813767670559,668.9090151339769,12753.465090878308,162904162389,exp1,5,90,1000.0,10,08-05-26-161845
1,0.272280270436386,515.9988226369023,11996.614679694176,163562052171,exp1,5,90,1000.0,10,08-05-26-161845
2,0.4484480639213276,538.8591540977359,11877.555219456552,162804447689,exp1,5,90,1000.0,10,08-05-26-161845
3,0.4957360172095882,523.4015602618456,12548.995113000274,164349897982,exp1,5,90,1000.0,10,08-05-26-161845
4,0.5578902888752305,505.51233533769846,11768.77319905907,162589560189,exp1,5,90,1000.0,10,08-05-26-161845
5,0.607060540872772,496.7224514111877,11857.735944911838,162248386772,exp1,5,90,1000.0,10,08-05-26-161845
6,0.598839889366933,530.2749294787645,12366.661477833986,162887756331,exp1,5,90,1000.0,10,08-05-26-161845
7,0.6312231100184389,517.711409367621,12226.037255488336,163048725150,exp1,5,90,1000.0,10,08-05-26-161845
8,0.616318377381684,535.6500269845128,12217.76820719242,161695077837,exp1,5,90,1000.0,10,08-05-26-161845
9,0.5560464044253227,530.9992367401719,12874.218911863863,160973848189,exp1,5,90,1000.0,10,08-05-26-161845
10,0.3092347879532882,521.3609002530575,13055.661715567112,161252170004,exp1,5,90,1000.0,10,08-05-26-161845
11,0.2829978488014751,495.3537881374359,12985.74966005981,162607248266,exp1,5,90,1000.0,10,08-05-26-161845
12,0.4373079287031346,507.41255562752485,11918.17050985992,163584165730,exp1,5,90,1000.0,10,08-05-26-161845
13,0.5186693300553166,506.3637048006058,12306.909438222649,162614485797,exp1,5,90,1000.0,10,08-05-26-161845
14,0.6107867240319607,566.1783255636692,11904.350622557104,161037196065,exp1,5,90,1000.0,10,08-05-26-161845
15,0.6174708051628764,486.61980777978897,12090.178896673024,163587835814,exp1,5,90,1000.0,10,08-05-26-161845
16,0.6248463429625076,493.1485550478101,12685.986598953605,163204972910,exp1,5,90,1000.0,10,08-05-26-161845
17,0.6415181315304241,519.7387682273984,12469.675086438656,164257676953,exp1,5,90,1000.0,10,08-05-26-161845
18,0.6625691456668715,526.4098029583693,11765.036785043776,162365894815,exp1,5,90,1000.0,10,08-05-26-161845
19,0.6747080516287646,485.85403244942427,11951.384887099266,161728962637,exp1,5,90,1000.0,10,08-05-26-161845
20,0.6693684695759066,474.2288421839476,11906.29909466952,162919903278,exp1,5,90,1000.0,10,08-05-26-161845
21,0.6812768899815611,511.4147309213877,12209.226840175688,161610684893,exp1,5,90,1000.0,10,08-05-26-161845
22,0.6709050399508297,516.9964600354433,12783.31052698195,163946612450,exp1,5,90,1000.0,10,08-05-26-161845
23,0.6966041794714198,506.0913823544979,11786.582506261766,163796838369,exp1,5,90,1000.0,10,08-05-26-161845
24,0.7053242163491088,476.3115653768182,12326.784032396972,161547541978,exp1,5,90,1000.0,10,08-05-26-161845
