round,namespace,pod_name,container_name,joules,exp,K,Z,sigma_ed,sigma_iid,timestamp,dbscan_label,zscore
14,api-gateway,api-gateway-6bf76d45b7-f8b7f,api-gateway,325.21200000000044,exp1,5,15,1000.0,10,08-05-26-123027,-1,-2.5364659581354987
2,api-gateway,api-gateway-6bf76d45b7-f8b7f,linkerd-proxy,339.5490000000002,exp1,5,15,1000.0,10,08-05-26-123027,-1,-2.6100761295986636
0,api-gateway,api-gateway-6bf76d45b7-ldtl9,sidecar,262.66200000000003,exp1,5,15,1000.0,10,09-05-26-141047,-1,-2.9698599589806776
6,api-gateway,api-gateway-6bf76d45b7-zh2zg,sidecar,244.78200000000007,exp1,5,15,1000.0,10,10-05-26-111252,-1,-2.5295514740730067
19,client1,client1-7b9db886dd-5db7j,sidecar,494.214,exp1,5,15,1000.0,10,10-05-26-111252,-1,-2.5356018879928572
14,client1,maurits-dijk-ab40b6adclient11-5gq5d,hfl-train,1096.5509999999997,exp1,5,15,1000.0,10,10-05-26-111252,-1,-2.606183522829875
9,client1,maurits-dijk-ab40b6adclient11-5gq5d,sidecar,455.2739999999994,exp1,5,15,1000.0,10,10-05-26-111252,-1,-2.6048062031574695
10,client11,client11-565c48c7c7-24jlj,sidecar,902.8349999999992,exp1,5,15,1000.0,10,08-05-26-123027,-1,2.7835114854783027
22,client11,client11-565c48c7c7-c968c,sidecar,919.6800000000004,exp1,5,15,1000.0,10,09-05-26-141047,-1,2.6601077644241147
4,client12,client12-79bc8d5846-5wths,client12,643.4759999999997,exp1,5,15,1000.0,10,10-05-26-111252,-1,-3.0521444177727974
4,client12,client12-79bc8d5846-5wths,linkerd-proxy,643.2509999999997,exp1,5,15,1000.0,10,10-05-26-111252,-1,-3.053117411737227
4,client12,client12-79bc8d5846-5wths,sidecar,641.7089999999994,exp1,5,15,1000.0,10,10-05-26-111252,-1,-3.053444658740414
16,client12,client12-79bc8d5846-dckbb,client12,640.3650000000016,exp1,5,15,1000.0,10,09-05-26-141047,-1,-2.6053106843944485
16,client12,client12-79bc8d5846-dckbb,linkerd-proxy,640.3799999999992,exp1,5,15,1000.0,10,09-05-26-141047,-1,-2.604409803565679
4,client12,client12-79bc8d5846-dckbb,sidecar,487.67999999999984,exp1,5,15,1000.0,10,09-05-26-141047,-1,-2.610787988020576
6,client12,client12-79bc8d5846-f96wp,sidecar,510.1739999999991,exp1,5,15,1000.0,10,08-05-26-123027,-1,-2.900715041692084
8,client13,client13-7bf86f4f87-9hvqk,client13,603.6509999999998,exp1,5,15,1000.0,10,09-05-26-141047,-1,-2.5436835270967966
8,client13,client13-7bf86f4f87-9hvqk,linkerd-proxy,599.6610000000001,exp1,5,15,1000.0,10,09-05-26-141047,-1,-2.539413546707857
8,client13,maurits-dijk-ac6ea51cclient131-xw9q4,hfl-train-model,596.6610000000001,exp1,5,15,1000.0,10,09-05-26-141047,-1,-2.5391313058744416
15,client14,client14-856b5b5576-b4rlq,client14,674.6040000000012,exp1,5,15,1000.0,10,08-05-26-123027,-1,-2.5225068824785812
15,client14,client14-856b5b5576-b4rlq,linkerd-proxy,674.3310000000001,exp1,5,15,1000.0,10,08-05-26-123027,-1,-2.522898817409372
15,client14,client14-856b5b5576-b4rlq,sidecar,673.0110000000022,exp1,5,15,1000.0,10,08-05-26-123027,-1,-2.523211388279099
0,client15,client15-79c969ddf-4l6p9,sidecar,619.578,exp1,5,15,1000.0,10,08-05-26-123027,-1,-3.075927699860173
16,client17,client17-69b85b5ccf-6n9d5,client17,599.121000000001,exp1,5,15,1000.0,10,10-05-26-111252,-1,-2.8621917374986046
16,client17,client17-69b85b5ccf-6n9d5,linkerd-proxy,593.5650000000005,exp1,5,15,1000.0,10,10-05-26-111252,-1,-2.9012783932973227
16,client17,client17-69b85b5ccf-6n9d5,sidecar,487.70700000000033,exp1,5,15,1000.0,10,10-05-26-111252,-1,-2.7187550860615883
10,client17,client17-69b85b5ccf-ztdgs,client17,576.1739999999991,exp1,5,15,1000.0,10,09-05-26-141047,-1,-2.828406470344327
10,client17,client17-69b85b5ccf-ztdgs,linkerd-proxy,574.4850000000006,exp1,5,15,1000.0,10,09-05-26-141047,-1,-2.8114877015213806
7,client17,maurits-dijk-3efc04ddclient171-5cjjt,hfl-train,1077.7080000000003,exp1,5,15,1000.0,10,08-05-26-123027,-1,-2.599300067606854
16,client17,maurits-dijk-ab40b6adclient171-b9jp7,hfl-train,1069.8150000000023,exp1,5,15,1000.0,10,10-05-26-111252,-1,-2.7157869285657243
16,client17,maurits-dijk-ab40b6adclient171-b9jp7,hfl-train-model,590.6700000000001,exp1,5,15,1000.0,10,10-05-26-111252,-1,-2.9072402072350956
10,client17,maurits-dijk-ac6ea51cclient171-pkwst,hfl-train,1037.5499999999993,exp1,5,15,1000.0,10,09-05-26-141047,-1,-2.692338663683886
10,client17,maurits-dijk-ac6ea51cclient171-pkwst,hfl-train-model,571.4970000000003,exp1,5,15,1000.0,10,09-05-26-141047,-1,-2.8090553106354794
23,client19,client19-56fccdb4d9-26bzf,client19,642.0930000000008,exp1,5,15,1000.0,10,08-05-26-123027,-1,-2.6967321075168527
23,client19,client19-56fccdb4d9-26bzf,linkerd-proxy,642.1080000000002,exp1,5,15,1000.0,10,08-05-26-123027,-1,-2.6949823307155456
23,client19,client19-56fccdb4d9-26bzf,sidecar,640.6409999999996,exp1,5,15,1000.0,10,08-05-26-123027,-1,-2.6954055722079557
4,client20,client20-65f8864f77-fmg9c,client20,609.8490000000002,exp1,5,15,1000.0,10,08-05-26-123027,-1,-2.5910206426385316
4,client20,client20-65f8864f77-fmg9c,linkerd-proxy,609.6990000000001,exp1,5,15,1000.0,10,08-05-26-123027,-1,-2.591594650043909
4,client20,client20-65f8864f77-fmg9c,sidecar,531.489,exp1,5,15,1000.0,10,08-05-26-123027,-1,-2.7924209913562317
21,client3,client3-58c68898cd-g6m7b,client3,642.9419999999991,exp1,5,15,1000.0,10,09-05-26-141047,-1,-2.5399681588495313
21,client3,client3-58c68898cd-g6m7b,linkerd-proxy,643.0319999999992,exp1,5,15,1000.0,10,09-05-26-141047,-1,-2.538283270621716
21,client3,client3-58c68898cd-g6m7b,sidecar,640.8539999999994,exp1,5,15,1000.0,10,09-05-26-141047,-1,-2.539339847608426
19,client5,client5-7d5ff7f8b4-4vqw2,client5,569.5950000000012,exp1,5,15,1000.0,10,08-05-26-123027,-1,-2.902284811390216
19,client5,client5-7d5ff7f8b4-4vqw2,linkerd-proxy,567.5040000000008,exp1,5,15,1000.0,10,08-05-26-123027,-1,-2.9057794922873974
21,client5,client5-7d5ff7f8b4-twhkj,client5,576.1890000000021,exp1,5,15,1000.0,10,10-05-26-111252,-1,-2.99687095867626
21,client5,client5-7d5ff7f8b4-twhkj,linkerd-proxy,572.2049999999999,exp1,5,15,1000.0,10,10-05-26-111252,-1,-2.991187681192861
19,client5,maurits-dijk-3efc04ddclient51-5hvmh,hfl-train,1015.0109999999986,exp1,5,15,1000.0,10,08-05-26-123027,-1,-2.829894988511784
19,client5,maurits-dijk-3efc04ddclient51-5hvmh,hfl-train-model,565.3529999999992,exp1,5,15,1000.0,10,08-05-26-123027,-1,-2.9064618966985094
21,client5,maurits-dijk-ab40b6adclient51-fpm4g,hfl-train-model,569.7750000000015,exp1,5,15,1000.0,10,10-05-26-111252,-1,-2.996278845636999
22,client5,maurits-dijk-ac6ea51cclient51-8vhg7,hfl-train,1064.4659999999967,exp1,5,15,1000.0,10,09-05-26-141047,-1,-2.5591565443872852
5,client6,client6-785d875985-pcl82,client6,654.3959999999997,exp1,5,15,1000.0,10,10-05-26-111252,-1,-2.8775627484913344
5,client6,client6-785d875985-pcl82,linkerd-proxy,654.0479999999998,exp1,5,15,1000.0,10,10-05-26-111252,-1,-2.879456549185214
5,client6,client6-785d875985-pcl82,sidecar,652.5269999999991,exp1,5,15,1000.0,10,10-05-26-111252,-1,-2.8805753597357326
10,client9,maurits-dijk-ac6ea51cclient91-jx8xd,hfl-train,1067.5919999999987,exp1,5,15,1000.0,10,09-05-26-141047,-1,-2.7903910859379106
2,orchestrator,orchestrator-555f7b7c9d-789cp,linkerd-proxy,321.8789999999999,exp1,5,15,1000.0,10,08-05-26-123027,-1,-2.6073855548568736
2,orchestrator,policy-enforcer-cb8dccbd8-mmnnz,linkerd-proxy,321.86400000000003,exp1,5,15,1000.0,10,08-05-26-123027,-1,-2.6073064515151656
16,server,server-656f98b57f-6rcfc,linkerd-proxy,467.5650000000005,exp1,5,15,1000.0,10,08-05-26-123027,-1,-2.535508386559376
21,client11,client11-565c48c7c7-xqg29,sidecar,961.719000000001,exp1,5,30,1000.0,10,10-05-26-123039,-1,2.5059000680110914
19,client18,client18-69db77c748-bhkrv,client18,1034.0070000000014,exp1,5,30,1000.0,10,08-05-26-134913,-1,2.8054020395972943
19,client18,client18-69db77c748-bhkrv,linkerd-proxy,1033.9049999999988,exp1,5,30,1000.0,10,08-05-26-134913,-1,2.806013371502536
19,client18,client18-69db77c748-bhkrv,sidecar,1032.255000000001,exp1,5,30,1000.0,10,08-05-26-134913,-1,2.8086385957479156
3,client9,maurits-dijk-29c296d0client91-gm2dp,hfl-train,811.212,exp1,5,30,1000.0,10,08-05-26-134913,-1,-2.5178232730085677
2,client9,maurits-dijk-29c296d0client91-gm2dp,sidecar,776.7209999999998,exp1,5,30,1000.0,10,08-05-26-134913,-1,2.628048461597024
3,client9,maurits-dijk-880b301bclient91-2sgdt,sidecar,403.0799999999999,exp1,5,30,1000.0,10,10-05-26-123039,-1,-2.678738323893051
23,client17,client17-69b85b5ccf-s5vfl,sidecar,822.210000000001,exp1,5,60,1000.0,10,10-05-26-134626,-1,2.711292992369928
6,client4,client4-744474fb99-2dhnc,client4,975.4920000000002,exp1,5,60,1000.0,10,09-05-26-164520,-1,2.6011913169242113
6,client4,client4-744474fb99-2dhnc,linkerd-proxy,975.3720000000004,exp1,5,60,1000.0,10,09-05-26-164520,-1,2.5993707981039806
6,client4,client4-744474fb99-2dhnc,sidecar,972.8850000000002,exp1,5,60,1000.0,10,09-05-26-164520,-1,2.6019179400891344
0,orchestrator,policy-enforcer-cb8dccbd8-b6nxg,sidecar,226.578,exp1,5,60,1000.0,10,08-05-26-150457,-1,-2.5469269485849293
13,client1,client1-7b9db886dd-fsjl8,sidecar,763.1940000000004,exp1,5,90,1000.0,10,08-05-26-161845,-1,2.738554387834053
22,client10,client10-694b6b97b4-lcsv8,sidecar,928.116,exp1,5,90,1000.0,10,09-05-26-175908,-1,2.742171147372114
13,client11,client11-565c48c7c7-bn2tw,sidecar,864.4229999999989,exp1,5,90,1000.0,10,08-05-26-161845,-1,2.832723338333835
17,client12,client12-79bc8d5846-ntw8f,sidecar,886.4549999999999,exp1,5,90,1000.0,10,08-05-26-161845,-1,2.716078962916889
14,client17,client17-69b85b5ccf-5phhz,client17,861.6239999999998,exp1,5,90,1000.0,10,09-05-26-175908,-1,2.6642783478313623
14,client17,client17-69b85b5ccf-5phhz,linkerd-proxy,857.6189999999988,exp1,5,90,1000.0,10,09-05-26-175908,-1,2.64464256471412
14,client17,client17-69b85b5ccf-5phhz,sidecar,808.2929999999997,exp1,5,90,1000.0,10,09-05-26-175908,-1,2.6366447254465517
14,client17,maurits-dijk-f5730e85client171-5q4ng,hfl-train,934.2000000000008,exp1,5,90,1000.0,10,09-05-26-175908,-1,2.5788267305588324
14,client17,maurits-dijk-f5730e85client171-5q4ng,hfl-train-model,854.1959999999999,exp1,5,90,1000.0,10,09-05-26-175908,-1,2.647457987069599
2,client19,client19-56fccdb4d9-l76wp,client19,1038.0840000000003,exp1,5,90,1000.0,10,10-05-26-150011,-1,2.757639957006435
2,client19,client19-56fccdb4d9-l76wp,linkerd-proxy,1037.7689999999998,exp1,5,90,1000.0,10,10-05-26-150011,-1,2.7577460672896494
20,server,server-656f98b57f-d7hjw,sidecar,608.6700000000001,exp1,5,90,1000.0,10,09-05-26-175908,-1,2.655491639164534
14,client11,client11-565c48c7c7-6wwrq,client11,945.219000000001,exp1,5,120,1000.0,10,10-05-26-155156,-1,2.682595679486031
14,client11,client11-565c48c7c7-6wwrq,linkerd-proxy,945.1529999999984,exp1,5,120,1000.0,10,10-05-26-155156,-1,2.684389136999733
14,client11,client11-565c48c7c7-6wwrq,sidecar,864.4830000000002,exp1,5,120,1000.0,10,10-05-26-155156,-1,2.847446420020043
6,client12,client12-79bc8d5846-zntmd,sidecar,925.7039999999996,exp1,5,120,1000.0,10,10-05-26-155156,-1,2.5522723562797793
18,client13,client13-7bf86f4f87-96bfp,sidecar,808.4459999999999,exp1,5,120,1000.0,10,09-05-26-191151,-1,2.5365228400827373
9,client18,client18-69db77c748-zbcgp,client18,964.335,exp1,5,120,1000.0,10,10-05-26-155156,-1,2.5456796673597704
9,client18,client18-69db77c748-zbcgp,linkerd-proxy,964.0649999999988,exp1,5,120,1000.0,10,10-05-26-155156,-1,2.5457227097090933
9,client18,client18-69db77c748-zbcgp,sidecar,962.5470000000004,exp1,5,120,1000.0,10,10-05-26-155156,-1,2.54856862632227
8,client2,client2-86cd6d8cf7-xhtfk,client2,1004.4089999999997,exp1,5,120,1000.0,10,09-05-26-191151,-1,2.652153652247407
8,client2,client2-86cd6d8cf7-xhtfk,linkerd-proxy,1004.2019999999992,exp1,5,120,1000.0,10,09-05-26-191151,-1,2.651795625095324
8,client2,client2-86cd6d8cf7-xhtfk,sidecar,1002.6899999999996,exp1,5,120,1000.0,10,09-05-26-191151,-1,2.654678131546456
14,client20,client20-65f8864f77-mn5x6,client20,1022.625,exp1,5,120,1000.0,10,10-05-26-155156,-1,2.6549500522307987
14,client20,client20-65f8864f77-mn5x6,linkerd-proxy,1022.469000000001,exp1,5,120,1000.0,10,10-05-26-155156,-1,2.6551932659152615
14,client20,client20-65f8864f77-mn5x6,sidecar,1020.9510000000008,exp1,5,120,1000.0,10,10-05-26-155156,-1,2.6566786178282804
8,client5,maurits-dijk-38de2afcclient51-2z96k,hfl-train-model,878.1750000000002,exp1,5,120,1000.0,10,09-05-26-191151,-1,2.503688285352263
21,client9,client9-d68fb99b4-qdtjk,sidecar,821.7450000000008,exp1,5,120,1000.0,10,08-05-26-173133,-1,2.5409590656322942
18,client9,maurits-dijk-f92037faclient91-bvpxp,sidecar,787.1010000000006,exp1,5,120,1000.0,10,10-05-26-155156,-1,2.757694569876944
1,orchestrator,policy-enforcer-cb8dccbd8-9n2w2,sidecar,217.065,exp1,5,120,1000.0,10,09-05-26-191151,-1,-2.6282926731099567
24,server,maurits-dijk-f92037faserver1-nfgbz,sidecar,628.4099999999999,exp1,5,120,1000.0,10,10-05-26-155156,-1,2.580575174139349
22,server,server-656f98b57f-dr9f4,sidecar,579.4740000000002,exp1,5,120,1000.0,10,08-05-26-173133,-1,2.609303772011546
3,api-gateway,api-gateway-6bf76d45b7-dxvn8,sidecar,227.06699999999972,exp1,5,150,1000.0,10,08-05-26-184420,-1,-2.7003567684223193
24,client1,maurits-dijk-55508128client11-jxfm9,sidecar,780.1740000000009,exp1,5,150,1000.0,10,08-05-26-184420,-1,2.7592717987657256
2,client13,maurits-dijk-17694accclient131-bs9ft,sidecar,344.97900000000004,exp1,5,150,1000.0,10,09-05-26-202436,-1,-2.8802319730393298
24,client4,client4-744474fb99-k95jg,client4,995.8619999999974,exp1,5,150,1000.0,10,10-05-26-170501,-1,2.745116818202959
24,client4,client4-744474fb99-k95jg,linkerd-proxy,995.787000000004,exp1,5,150,1000.0,10,10-05-26-170501,-1,2.7451499908680725
24,client4,client4-744474fb99-k95jg,sidecar,993.3389999999964,exp1,5,150,1000.0,10,10-05-26-170501,-1,2.747894202484813
1,client5,maurits-dijk-55508128client51-b2k9d,sidecar,803.112,exp1,5,150,1000.0,10,08-05-26-184420,-1,2.827429434403854
11,client9,maurits-dijk-748e5a7fclient91-pnjg6,sidecar,762.2999999999993,exp1,5,150,1000.0,10,10-05-26-170501,-1,2.5109788123080983
21,orchestrator,orchestrator-555f7b7c9d-g4gwd,orchestrator,295.7579999999998,exp1,5,150,1000.0,10,09-05-26-202436,-1,2.6010238186364565
10,orchestrator,orchestrator-555f7b7c9d-kmvgv,orchestrator,340.5419999999999,exp1,5,150,1000.0,10,10-05-26-170501,-1,2.530918971292924
21,orchestrator,policy-enforcer-cb8dccbd8-stjhj,sidecar,395.762999999999,exp1,5,150,1000.0,10,09-05-26-202436,-1,2.881406963697121
4,server,maurits-dijk-748e5a7fserver1-2w7c6,sidecar,633.807,exp1,5,150,1000.0,10,10-05-26-170501,-1,2.507723692407849
20,server,server-656f98b57f-xrcgs,sidecar,562.7310000000016,exp1,5,150,1000.0,10,10-05-26-170501,-1,2.719119881888202
4,client1,client1-7b9db886dd-r2p8z,sidecar,822.1289999999999,exp1,5,190,1000.0,10,10-05-26-181748,-1,2.5590776284217465
11,client12,client12-79bc8d5846-t726h,sidecar,896.8829999999989,exp1,5,190,1000.0,10,10-05-26-181748,-1,2.5515994075872186
6,client18,client18-69db77c748-flz89,client18,1027.5749999999998,exp1,5,190,1000.0,10,09-05-26-213720,-1,2.849053722860081
6,client18,client18-69db77c748-flz89,linkerd-proxy,1027.245,exp1,5,190,1000.0,10,09-05-26-213720,-1,2.8481577810443457
6,client18,client18-69db77c748-flz89,sidecar,1025.679,exp1,5,190,1000.0,10,09-05-26-213720,-1,2.84975276907015
14,client2,client2-86cd6d8cf7-hf5z7,client2,1005.4979999999996,exp1,5,190,1000.0,10,08-05-26-195705,-1,2.738806453598178
14,client2,client2-86cd6d8cf7-hf5z7,linkerd-proxy,1005.4350000000012,exp1,5,190,1000.0,10,08-05-26-195705,-1,2.740303032270129
14,client2,client2-86cd6d8cf7-hf5z7,sidecar,1003.7009999999992,exp1,5,190,1000.0,10,08-05-26-195705,-1,2.7411694487882596
6,client5,maurits-dijk-c62aff21client51-kj6sp,sidecar,816.1890000000003,exp1,5,190,1000.0,10,10-05-26-181748,-1,2.634119124696777
0,client7,client7-544486cc98-lqjzk,client7,994.41,exp1,5,190,1000.0,10,08-05-26-195705,-1,2.5398712004205666
0,client7,client7-544486cc98-lqjzk,linkerd-proxy,993.945,exp1,5,190,1000.0,10,08-05-26-195705,-1,2.538820897968302
0,client7,client7-544486cc98-lqjzk,sidecar,911.928,exp1,5,190,1000.0,10,08-05-26-195705,-1,2.640598764537458
18,client7,client7-544486cc98-m2z98,client7,1033.985999999999,exp1,5,190,1000.0,10,09-05-26-213720,-1,2.631963319059613
18,client7,client7-544486cc98-m2z98,linkerd-proxy,1033.6650000000009,exp1,5,190,1000.0,10,09-05-26-213720,-1,2.6337753944536697
18,client7,client7-544486cc98-m2z98,sidecar,1032.4169999999976,exp1,5,190,1000.0,10,09-05-26-213720,-1,2.634971054714341
18,client8,client8-5845965f99-t89sb,client8,999.3239999999988,exp1,5,190,1000.0,10,10-05-26-181748,-1,2.6205482071933024
18,client8,client8-5845965f99-t89sb,linkerd-proxy,998.8529999999992,exp1,5,190,1000.0,10,10-05-26-181748,-1,2.620493267572091
18,client8,client8-5845965f99-t89sb,sidecar,997.5,exp1,5,190,1000.0,10,10-05-26-181748,-1,2.6678687276440956
6,client9,client9-d68fb99b4-t5v62,sidecar,850.3290000000006,exp1,5,190,1000.0,10,10-05-26-181748,-1,2.5731783906474
7,orchestrator,orchestrator-555f7b7c9d-b8qvg,orchestrator,141.2610000000002,exp1,5,190,1000.0,10,09-05-26-213720,-1,-2.62674184670298
6,client12,client12-79bc8d5846-q7vqg,client12,1021.0740000000004,exp1,5,230,1000.0,10,08-05-26-210948,-1,2.5389457270904034
6,client12,client12-79bc8d5846-q7vqg,linkerd-proxy,1020.9360000000006,exp1,5,230,1000.0,10,08-05-26-210948,-1,2.5395337710582635
23,client17,client17-69b85b5ccf-xlmnf,sidecar,774.4259999999995,exp1,5,230,1000.0,10,10-05-26-193034,-1,2.544976167933847
23,client17,maurits-dijk-01decb0eclient171-zrmdp,sidecar,819.5160000000014,exp1,5,230,1000.0,10,09-05-26-225009,-1,2.64531064553875
23,client18,client18-69db77c748-jxcqz,client18,988.2089999999988,exp1,5,230,1000.0,10,10-05-26-193034,-1,2.5239742994292436
23,client18,client18-69db77c748-jxcqz,linkerd-proxy,988.0290000000024,exp1,5,230,1000.0,10,10-05-26-193034,-1,2.5249922216137044
23,client18,client18-69db77c748-jxcqz,sidecar,986.3610000000008,exp1,5,230,1000.0,10,10-05-26-193034,-1,2.5251901572747406
23,client2,client2-86cd6d8cf7-zfjkn,client2,1053.3780000000006,exp1,5,230,1000.0,10,10-05-26-193034,-1,2.851302409343673
23,client2,client2-86cd6d8cf7-zfjkn,linkerd-proxy,1053.255000000001,exp1,5,230,1000.0,10,10-05-26-193034,-1,2.8511143926458833
23,client2,client2-86cd6d8cf7-zfjkn,sidecar,1051.554,exp1,5,230,1000.0,10,10-05-26-193034,-1,2.8521516633979087
15,client5,client5-7d5ff7f8b4-7dnpx,sidecar,394.59000000000015,exp1,5,230,1000.0,10,08-05-26-210948,-1,-2.59486048219363
23,client7,client7-544486cc98-vfcw4,client7,1023.6870000000016,exp1,5,230,1000.0,10,08-05-26-210948,-1,2.9782588606844933
23,client7,client7-544486cc98-vfcw4,linkerd-proxy,1023.3089999999976,exp1,5,230,1000.0,10,08-05-26-210948,-1,2.977227153385547
23,client7,client7-544486cc98-vfcw4,sidecar,1021.9379999999984,exp1,5,230,1000.0,10,08-05-26-210948,-1,2.978722379325772
1,server,maurits-dijk-f9bdae8bserver1-d84vt,sidecar,281.256,exp1,5,230,1000.0,10,08-05-26-210948,-1,-2.5044637213134147
2,server,server-656f98b57f-cw5v7,sidecar,575.4479999999999,exp1,5,230,1000.0,10,08-05-26-210948,-1,2.7869982544750633
8,client11,client11-565c48c7c7-pwwgw,sidecar,872.8800000000001,exp1,5,260,1000.0,10,10-05-26-000257,-1,2.825617085273313
2,client15,client15-79c969ddf-44zr4,client15,961.2210000000002,exp1,5,260,1000.0,10,08-05-26-222235,-1,2.558435320463053
2,client15,client15-79c969ddf-44zr4,linkerd-proxy,960.933,exp1,5,260,1000.0,10,08-05-26-222235,-1,2.5586365635002153
2,client15,client15-79c969ddf-44zr4,sidecar,959.4720000000002,exp1,5,260,1000.0,10,08-05-26-222235,-1,2.5603336903789295
21,client17,client17-69b85b5ccf-7x4fv,sidecar,803.460000000001,exp1,5,260,1000.0,10,10-05-26-000257,-1,2.7993352516267964
21,client17,maurits-dijk-e38e5913client171-lbc7q,sidecar,760.5330000000013,exp1,5,260,1000.0,10,10-05-26-000257,-1,2.8711612066783334
5,client6,client6-785d875985-zf45j,client6,965.9219999999996,exp1,5,260,1000.0,10,08-05-26-222235,-1,2.5217569070968904
5,client6,client6-785d875985-zf45j,linkerd-proxy,965.817,exp1,5,260,1000.0,10,08-05-26-222235,-1,2.524356000816579
5,client6,client6-785d875985-zf45j,sidecar,963.5879999999996,exp1,5,260,1000.0,10,08-05-26-222235,-1,2.522798007727387
21,client9,client9-d68fb99b4-dqjgc,sidecar,776.4150000000009,exp1,5,260,1000.0,10,08-05-26-222235,-1,2.68482831831702
16,orchestrator,orchestrator-555f7b7c9d-5b2br,sidecar,427.1100000000006,exp1,5,260,1000.0,10,10-05-26-204321,-1,2.523359444683982
4,orchestrator,orchestrator-555f7b7c9d-zxwn2,orchestrator,355.107,exp1,5,260,1000.0,10,10-05-26-000257,-1,2.6831140836921668
9,server,maurits-dijk-792545d4server1-vbl8j,sidecar,524.5110000000004,exp1,5,260,1000.0,10,08-05-26-222235,-1,2.6820909340038135
20,server,maurits-dijk-e38e5913server1-b8zm9,hfl-train-model,950.3970000000008,exp1,5,260,1000.0,10,10-05-26-000257,-1,2.641919255430476
20,client1,maurits-dijk-6f807020client11-64jrn,sidecar,768.2099999999991,exp1,5,300,1000.0,10,10-05-26-215608,-1,2.640002872788003
15,client20,client20-65f8864f77-vk8dc,sidecar,950.1450000000004,exp1,5,300,1000.0,10,10-05-26-215608,-1,2.532094860318888
8,client13,maurits-dijk-0329b7f7client131-6fgf2,sidecar,638.7840000000006,exp1,5,330,1000.0,10,08-05-26-234107,-1,2.53366451956887
2,client17,maurits-dijk-0329b7f7client171-srgbk,sidecar,728.6400000000003,exp1,5,330,1000.0,10,08-05-26-234107,-1,2.5465894422789956
7,client5,client5-7d5ff7f8b4-sxbhq,sidecar,710.8290000000002,exp1,5,330,1000.0,10,08-05-26-234107,-1,2.749647601434883
2,client9,client9-d68fb99b4-8kchv,sidecar,770.3099999999997,exp1,5,330,1000.0,10,08-05-26-234107,-1,2.6047861828387
15,client9,client9-d68fb99b4-j79h5,sidecar,812.1540000000005,exp1,5,330,1000.0,10,10-05-26-230852,-1,2.5458235923236385
0,server,maurits-dijk-0329b7f7server1-9c2bp,hfl-train,696.7470000000001,exp1,5,330,1000.0,10,08-05-26-234107,-1,2.7716418241635004
0,server,maurits-dijk-0329b7f7server1-9c2bp,hfl-train-model,997.587,exp1,5,330,1000.0,10,08-05-26-234107,-1,2.646032961181797
0,server,server-656f98b57f-5gz6d,linkerd-proxy,756.945,exp1,5,330,1000.0,10,08-05-26-234107,-1,3.1521714033444495
0,server,server-656f98b57f-5gz6d,server,769.851,exp1,5,330,1000.0,10,08-05-26-234107,-1,3.12298365388923
0,server,server-656f98b57f-5gz6d,sidecar,641.7570000000001,exp1,5,330,1000.0,10,08-05-26-234107,-1,2.9529772046625387
11,client1,client1-7b9db886dd-vpmnq,client1,887.835000000001,exp1,5,360,1000.0,10,11-05-26-002038,-1,2.5192779966819456
11,client1,client1-7b9db886dd-vpmnq,sidecar,866.5500000000002,exp1,5,360,1000.0,10,11-05-26-002038,-1,2.7643130223554686
13,client1,maurits-dijk-dd4ae495client11-6fr6s,sidecar,764.5019999999995,exp1,5,360,1000.0,10,09-05-26-104246,-1,3.00118643263295
11,client1,maurits-dijk-fa9221f4client11-s6cwx,hfl-train-model,880.2810000000009,exp1,5,360,1000.0,10,11-05-26-002038,-1,2.502700333368091
17,client1,maurits-dijk-fa9221f4client11-s6cwx,sidecar,800.6579999999976,exp1,5,360,1000.0,10,11-05-26-002038,-1,3.014062547910207
19,client12,client12-79bc8d5846-sznfd,client12,995.8319999999984,exp1,5,360,1000.0,10,11-05-26-002038,-1,2.8801096024222943
19,client12,client12-79bc8d5846-sznfd,linkerd-proxy,995.6789999999984,exp1,5,360,1000.0,10,11-05-26-002038,-1,2.88046002241139
19,client12,client12-79bc8d5846-sznfd,sidecar,832.8869999999988,exp1,5,360,1000.0,10,11-05-26-002038,-1,2.789086588320113
22,client13,client13-7bf86f4f87-9g4ms,sidecar,797.3130000000001,exp1,5,360,1000.0,10,09-05-26-104246,-1,2.6248257110148594
22,client13,maurits-dijk-dd4ae495client131-hwk27,sidecar,793.9410000000007,exp1,5,360,1000.0,10,09-05-26-104246,-1,2.9770845146699108
13,client15,client15-79c969ddf-lmzwp,sidecar,924.4559999999984,exp1,5,360,1000.0,10,11-05-26-002038,-1,2.6392975655885103
24,client17,maurits-dijk-dd4ae495client171-7v2qr,sidecar,814.7519999999986,exp1,5,360,1000.0,10,09-05-26-104246,-1,2.50491405229572
14,client1,maurits-dijk-81582614client11-gnkv6,sidecar,805.7969999999996,exp1,5,400,1000.0,10,10-05-26-034603,-1,2.5599509612440197
18,client1,maurits-dijk-bfb796c5client11-87mlt,sidecar,768.987000000001,exp1,5,400,1000.0,10,11-05-26-013325,-1,2.5798195291154524
8,client10,client10-694b6b97b4-5vk6n,sidecar,856.0349999999999,exp1,5,400,1000.0,10,11-05-26-013325,-1,2.6995210922464037
22,client11,client11-565c48c7c7-jdh7g,sidecar,907.6890000000004,exp1,5,400,1000.0,10,10-05-26-034603,-1,2.520114260713214
23,client12,client12-79bc8d5846-qslll,sidecar,872.3040000000001,exp1,5,400,1000.0,10,09-05-26-115432,-1,2.5670821884078387
24,client18,client18-69db77c748-gr9sq,client18,951.140999999996,exp1,5,400,1000.0,10,09-05-26-115432,-1,2.817195100822951
24,client18,client18-69db77c748-gr9sq,linkerd-proxy,950.9339999999976,exp1,5,400,1000.0,10,09-05-26-115432,-1,2.817091247220219
24,client18,client18-69db77c748-gr9sq,sidecar,949.061999999998,exp1,5,400,1000.0,10,09-05-26-115432,-1,2.817534187244017
21,client19,client19-56fccdb4d9-c6qvh,sidecar,935.6849999999996,exp1,5,400,1000.0,10,11-05-26-013325,-1,2.5903263144763327
11,client6,client6-785d875985-mzcq6,client6,956.241,exp1,5,400,1000.0,10,09-05-26-115432,-1,2.563340395091691
11,client6,client6-785d875985-mzcq6,linkerd-proxy,956.1510000000015,exp1,5,400,1000.0,10,09-05-26-115432,-1,2.5645172663354314
11,client6,client6-785d875985-mzcq6,sidecar,953.6220000000012,exp1,5,400,1000.0,10,09-05-26-115432,-1,2.5661270019252673
